track,name,corrected_hsec,submitted_on,visibility
ZCT162,dreadnaut,8020,"2015-01-18 02:08:00",public
ZCT162,"Akoss Poo",6828,"2015-01-18 10:02:00",public
ZCT162,"Akoss Poo",6322,"2015-01-18 11:04:00",public
ZCT162,"Zak McKracken",6638,"2015-01-18 11:22:00",public
ZCT162,AbuRaf70,7813,"2015-01-18 16:12:00",public
ZCT162,"Shoegazing Leo",7598,"2015-01-18 16:12:00",public
ZCT162,"Shoegazing Leo",9868,"2015-01-18 16:19:00",public
ZCT162,"Shoegazing Leo",10094,"2015-01-18 16:25:00",public
ZCT162,"Shoegazing Leo",10781,"2015-01-18 16:30:00",public
ZCT162,"Shoegazing Leo",8803,"2015-01-18 16:35:00",public
ZCT162,"Shoegazing Leo",7266,"2015-01-18 16:46:00",public
ZCT162,"Shoegazing Leo",9945,"2015-01-18 16:56:00",public
ZCT162,"Shoegazing Leo",7057,"2015-01-18 17:11:00",public
ZCT162,AbuRaf70,6732,"2015-01-18 17:26:00",public
ZCT162,"Shoegazing Leo",9795,"2015-01-18 20:58:00",public
ZCT162,"Shoegazing Leo",7026,"2015-01-19 02:30:00",public
ZCT162,"Akoss Poo",5979,"2015-01-19 13:37:00",public
ZCT162,"Shoegazing Leo",6806,"2015-01-19 19:17:00",public
ZCT162,dreadnaut,7569,"2015-01-19 23:04:00",public
ZCT162,dreadnaut,7029,"2015-01-19 23:12:00",public
ZCT162,AbuRaf70,6529,"2015-01-20 23:24:00",public
ZCT162,"Shoegazing Leo",8557,"2015-01-21 02:13:00",public
ZCT162,"Shoegazing Leo",6735,"2015-01-21 02:26:00",public
ZCT162,afullo,8316,"2015-01-21 15:22:00",public
ZCT162,"Shoegazing Leo",6721,"2015-01-22 00:58:00",public
ZCT162,Marco,7565,"2015-01-23 12:54:00",public
ZCT162,Marco,6262,"2015-01-23 16:13:00",public
ZCT162,Marco,6185,"2015-01-23 16:51:00",public
ZCT162,"Shoegazing Leo",6718,"2015-01-23 20:12:00",public
ZCT162,"Shoegazing Leo",6707,"2015-01-23 20:13:00",public
ZCT162,"Shoegazing Leo",6699,"2015-01-23 20:15:00",public
ZCT162,Marco,6138,"2015-01-23 23:04:00",public
ZCT162,"Shoegazing Leo",6696,"2015-01-23 23:25:00",public
ZCT162,"Shoegazing Leo",6694,"2015-01-23 23:30:00",public
ZCT162,CTG,6039,"2015-01-24 10:15:00",public
ZCT162,CTG,5976,"2015-01-24 10:23:00",public
ZCT162,CTG,5899,"2015-01-24 10:26:00",public
ZCT162,dreadnaut,6884,"2015-01-24 11:33:00",public
ZCT162,dreadnaut,6614,"2015-01-24 11:42:00",public
ZCT162,dreadnaut,6300,"2015-01-24 11:56:00",public
ZCT162,"Shoegazing Leo",6685,"2015-01-24 21:57:00",public
ZCT162,"Shoegazing Leo",6683,"2015-01-24 22:10:00",public
ZCT162,Duplode,5805,"2015-01-24 22:52:00",public
ZCT162,AbuRaf70,6471,"2015-01-25 16:10:00",public
ZCT162,"Akoss Poo",5789,"2015-01-25 18:51:00",public
ZCT162,"Shoegazing Leo",6600,"2015-01-25 19:39:00",public
ZCT162,CTG,5786,"2015-01-25 19:54:00",public
ZCT162,"Shoegazing Leo",6474,"2015-01-25 19:55:00",public
ZCT162,"Shoegazing Leo",6460,"2015-01-25 19:57:00",public
ZCT162,CTG,5783,"2015-01-25 22:41:00",public
ZCT162,CTG,5772,"2015-01-25 22:47:00",public
ZCT162,"Shoegazing Leo",6399,"2015-01-29 01:18:00",public
ZCT162,CTG,5770,"2015-01-31 12:58:00",public
ZCT162,dstien,6361,"2015-01-31 17:17:00",public
ZCT162,Duplode,5456,"2015-01-31 21:36:00",public
ZCT162,"Shoegazing Leo",6372,"2015-01-31 21:50:00",public
ZCT162,"Shoegazing Leo",6361,"2015-01-31 21:52:00",public
ZCT162,AbuRaf70,6355,"2015-01-31 23:55:00",public
ZCT162,CTG,5720,"2015-02-01 11:52:00",normal
ZCT162,CTG,5451,"2015-02-01 14:15:00",normal
ZCT162,CTG,5395,"2015-02-01 14:20:00",normal
ZCT162,CTG,5387,"2015-02-01 21:42:00",normal
ZCT162,dreadnaut,6067,"2015-02-01 21:56:00",normal
ZCT162,"Akoss Poo",5588,"2015-02-02 15:07:00",normal
ZCT162,"Shoegazing Leo",6350,"2015-02-06 22:04:00",normal
ZCT162,"Shoegazing Leo",6298,"2015-02-06 22:13:00",normal
ZCT162,Duplode,5338,"2015-02-07 01:05:00",normal
ZCT162,Marco,6047,"2015-02-07 17:56:00",public
ZCT162,gtament,8825,"2015-02-08 20:28:00",public
ZCT162,"Zak McKracken",5544,"2015-02-10 21:07:00",normal
ZCT162,CTG,5332,"2015-02-10 21:58:00",normal
ZCT162,CTG,5299,"2015-02-11 18:50:00",normal
ZCT162,Usrin,6124,"2015-02-12 00:57:00",normal
ZCT162,AbuRaf70,6265,"2015-02-12 16:03:00",normal
ZCT162,Usrin,5965,"2015-02-13 00:02:00",quiet
ZCT162,Usrin,5926,"2015-02-13 00:02:00",quiet
ZCT162,afullo,8071,"2015-02-13 01:04:00",quiet
ZCT162,"Shoegazing Leo",6273,"2015-02-13 02:47:00",quiet
ZCT162,"Akoss Poo",5519,"2015-02-13 16:31:00",normal
ZCT162,"Akoss Poo",5379,"2015-02-13 16:32:00",quiet
ZCT162,"Akoss Poo",5338,"2015-02-13 19:32:00",quiet
ZCT162,"Alan Rotoi",5968,"2015-02-14 00:11:00",normal
ZCT162,"Shoegazing Leo",6267,"2015-02-14 01:36:00",quiet
ZCT162,"Shoegazing Leo",6259,"2015-02-14 01:45:00",quiet
ZCT162,Duplode,5233,"2015-02-14 03:44:00",quiet
ZCT162,CTG,5294,"2015-02-14 12:36:00",normal
ZCT162,Marco,6045,"2015-02-14 13:11:00",public
ZCT162,CTG,5264,"2015-02-14 18:04:00",normal
ZCT162,dstien,6212,"2015-02-14 18:48:00",quiet
ZCT162,kahdra,8003,"2015-02-14 21:18:00",normal
ZCT162,"Alan Rotoi",5500,"2015-02-14 22:27:00",quiet
ZCT162,"Alan Rotoi",5489,"2015-02-14 22:30:00",quiet
ZCT162,Duplode,5222,"2015-02-14 22:39:00",quiet
ZCT162,CTG,5261,"2015-02-14 22:47:00",normal
ZCT162,CTG,5255,"2015-02-14 22:49:00",quiet
ZCT162,Duplode,5220,"2015-02-14 22:56:00",quiet
ZCT162,CTG,5255,"2015-02-14 23:19:00",normal
ZCT162,CTG,5241,"2015-02-14 23:47:00",normal
ZCT163,"Shoegazing Leo",10089,"2015-02-15 22:51:00",public
ZCT163,"Shoegazing Leo",9721,"2015-02-15 22:55:00",public
ZCT163,"Akoss Poo",6600,"2015-02-15 22:57:00",public
ZCT163,"Shoegazing Leo",9873,"2015-02-15 23:02:00",public
ZCT163,Duplode,6111,"2015-02-15 23:08:00",public
ZCT163,"Shoegazing Leo",8286,"2015-02-15 23:10:00",public
ZCT163,"Shoegazing Leo",8336,"2015-02-15 23:19:00",public
ZCT163,"Shoegazing Leo",8077,"2015-02-15 23:26:00",public
ZCT163,"Shoegazing Leo",6980,"2015-02-15 23:32:00",public
ZCT163,Marco,7518,"2015-02-15 23:40:00",public
ZCT163,Marco,6521,"2015-02-16 00:01:00",public
ZCT163,dstien,6312,"2015-02-16 00:03:00",public
ZCT163,Marco,6004,"2015-02-16 00:32:00",public
ZCT163,"Alan Rotoi",18061,"2015-02-16 04:43:00",public
ZCT163,"Akoss Poo",6589,"2015-02-16 08:42:00",public
ZCT163,"Akoss Poo",5637,"2015-02-16 08:55:00",public
ZCT163,AbuRaf70,6608,"2015-02-16 14:56:00",public
ZCT163,Duplode,5834,"2015-02-16 17:06:00",public
ZCT163,AbuRaf70,6292,"2015-02-16 17:11:00",public
ZCT163,CTG,6534,"2015-02-16 18:41:00",public
ZCT163,CTG,6151,"2015-02-16 18:57:00",public
ZCT163,CTG,5731,"2015-02-16 19:04:00",public
ZCT163,CTG,5633,"2015-02-16 19:21:00",public
ZCT163,CTG,5597,"2015-02-16 19:27:00",public
ZCT163,"Akoss Poo",5566,"2015-02-16 20:11:00",public
ZCT163,dreadnaut,6506,"2015-02-16 20:13:00",public
ZCT163,"Akoss Poo",5573,"2015-02-16 20:16:00",public
ZCT163,Marco,5542,"2015-02-16 20:16:00",public
ZCT163,CTG,5514,"2015-02-16 20:27:00",public
ZCT163,CTG,5415,"2015-02-16 21:54:00",public
ZCT163,CTG,5396,"2015-02-16 21:56:00",public
ZCT163,CTG,5360,"2015-02-16 22:00:00",public
ZCT163,Marco,5463,"2015-02-17 00:05:00",public
ZCT163,AbuRaf70,5909,"2015-02-17 01:14:00",public
ZCT163,dreadnaut,6028,"2015-02-17 13:26:00",public
ZCT163,"Shoegazing Leo",6703,"2015-02-17 14:55:00",public
ZCT163,"Shoegazing Leo",6344,"2015-02-17 15:00:00",public
ZCT163,"Shoegazing Leo",7629,"2015-02-17 15:49:00",public
ZCT163,"Shoegazing Leo",7757,"2015-02-17 15:55:00",public
ZCT163,"Zak McKracken",5957,"2015-02-18 09:20:00",public
ZCT163,"Zak McKracken",5905,"2015-02-18 09:22:00",public
ZCT163,"Akoss Poo",5352,"2015-02-18 10:40:00",public
ZCT163,CTG,5344,"2015-02-18 22:54:00",public
ZCT163,CTG,5340,"2015-02-18 23:00:00",public
ZCT163,CTG,5329,"2015-02-18 23:11:00",public
ZCT163,CTG,5317,"2015-02-18 23:20:00",public
ZCT163,"Akoss Poo",5344,"2015-02-19 08:32:00",public
ZCT163,Duplode,5451,"2015-02-20 03:36:00",public
ZCT163,Duplode,5399,"2015-02-20 03:47:00",public
ZCT163,dreadnaut,5889,"2015-02-20 15:52:00",public
ZCT163,afullo,9084,"2015-02-20 18:51:00",public
ZCT163,afullo,7533,"2015-02-20 18:57:00",public
ZCT163,Duplode,5281,"2015-02-20 19:16:00",public
ZCT163,"Shoegazing Leo",6292,"2015-02-21 03:25:00",public
ZCT163,AbuRaf70,5858,"2015-02-21 23:48:00",public
ZCT163,"Shoegazing Leo",6221,"2015-02-24 03:07:00",public
ZCT163,CTG,5269,"2015-02-25 20:47:00",public
ZCT163,CTG,5238,"2015-02-25 21:14:00",public
ZCT163,Duplode,5206,"2015-03-01 18:05:00",normal
ZCT163,afullo,7315,"2015-03-03 00:42:00",normal
ZCT163,afullo,7177,"2015-03-03 00:45:00",normal
ZCT163,afullo,6806,"2015-03-03 00:54:00",normal
ZCT163,afullo,6751,"2015-03-03 01:05:00",normal
ZCT163,afullo,6739,"2015-03-03 01:10:00",normal
ZCT163,"Zak McKracken",5609,"2015-03-04 22:15:00",normal
ZCT163,Vector,20230,"2015-03-06 15:51:00",public
ZCT163,CTG,5210,"2015-03-07 12:09:00",normal
ZCT163,"Mr. Stunt",14316,"2015-03-11 14:37:00",public
ZCT163,"Akoss Poo",5139,"2015-03-13 19:28:00",quiet
ZCT163,Usrin,7308,"2015-03-13 23:48:00",normal
ZCT163,Usrin,5771,"2015-03-14 00:14:00",normal
ZCT163,Usrin,5566,"2015-03-14 01:20:00",quiet
ZCT163,"Shoegazing Leo",6202,"2015-03-14 04:00:00",quiet
ZCT163,"Shoegazing Leo",6150,"2015-03-14 04:01:00",quiet
ZCT163,"Shoegazing Leo",6138,"2015-03-14 04:11:00",quiet
ZCT163,"Alan Rotoi",5609,"2015-03-14 11:42:00",normal
ZCT163,"Alan Rotoi",5605,"2015-03-14 11:44:00",normal
ZCT164,"Akoss Poo",25680,"2015-03-15 21:07:00",public
ZCT164,dreadnaut,9131,"2015-03-15 21:33:00",public
ZCT164,"Akoss Poo",7356,"2015-03-15 22:48:00",public
ZCT164,Marco,7700,"2015-03-15 23:53:00",public
ZCT164,Marco,7025,"2015-03-16 00:09:00",public
ZCT164,"Shoegazing Leo",7496,"2015-03-16 03:44:00",public
ZCT164,"Alan Rotoi",8795,"2015-03-16 05:53:00",public
ZCT164,"Alan Rotoi",6089,"2015-03-16 06:00:00",public
ZCT164,"Akoss Poo",5698,"2015-03-16 09:06:00",public
ZCT164,afullo,9587,"2015-03-16 13:32:00",public
ZCT164,AbuRaf70,8165,"2015-03-16 17:31:00",public
ZCT164,afullo,8047,"2015-03-16 20:04:00",public
ZCT164,Marco,5600,"2015-03-16 21:23:00",public
ZCT164,AbuRaf70,7804,"2015-03-17 00:02:00",public
ZCT164,AbuRaf70,6280,"2015-03-17 00:25:00",public
ZCT164,"Akoss Poo",5550,"2015-03-17 09:06:00",public
ZCT164,"Bonzai Joe",5270,"2015-03-17 12:03:00",public
ZCT164,"Akoss Poo",5264,"2015-03-17 12:58:00",public
ZCT164,"Bonzai Joe",4533,"2015-03-17 13:25:00",public
ZCT164,"Akoss Poo",4766,"2015-03-17 14:21:00",public
ZCT164,afullo,7809,"2015-03-17 19:48:00",public
ZCT164,afullo,6885,"2015-03-17 19:51:00",public
ZCT164,afullo,6770,"2015-03-17 20:43:00",public
ZCT164,afullo,6712,"2015-03-17 21:35:00",public
ZCT164,afullo,6359,"2015-03-17 22:07:00",public
ZCT164,AbuRaf70,5205,"2015-03-17 23:29:00",public
ZCT164,"Mr. Stunt",12737,"2015-03-18 17:24:00",public
ZCT164,afullo,6054,"2015-03-18 20:10:00",public
ZCT164,Marco,4634,"2015-03-18 21:22:00",public
ZCT164,AbuRaf70,5020,"2015-03-19 17:21:00",public
ZCT164,dreadnaut,5939,"2015-03-19 20:06:00",public
ZCT164,Duplode,6191,"2015-03-20 01:46:00",public
ZCT164,Duplode,4760,"2015-03-20 02:15:00",public
ZCT164,Marco,4550,"2015-03-20 23:51:00",public
ZCT164,"Shoegazing Leo",6336,"2015-03-21 03:17:00",public
ZCT164,"Shoegazing Leo",6118,"2015-03-21 03:23:00",public
ZCT164,"Shoegazing Leo",6110,"2015-03-21 03:25:00",public
ZCT164,"Shoegazing Leo",6048,"2015-03-21 03:35:00",public
ZCT164,SuperBrian,6118,"2015-03-21 14:55:00",public
ZCT164,SuperBrian,5690,"2015-03-21 15:26:00",public
ZCT164,SuperBrian,5642,"2015-03-21 15:48:00",public
ZCT164,AbuRaf70,4830,"2015-03-28 01:35:00",public
ZCT164,Cas,8246,"2015-03-30 07:14:00",normal
ZCT164,Cas,7160,"2015-03-30 07:58:00",normal
ZCT164,Cas,6908,"2015-03-30 23:42:00",normal
ZCT164,"Zak McKracken",4743,"2015-03-31 21:28:00",normal
ZCT164,Cas,6177,"2015-04-02 01:57:00",normal
ZCT164,Cas,6093,"2015-04-03 01:05:00",normal
ZCT164,"Akoss Poo",4530,"2015-04-03 12:29:00",normal
ZCT164,AMG,8812,"2015-04-03 23:43:00",normal
ZCT164,"Shoegazing Leo",6014,"2015-04-04 03:50:00",normal
ZCT164,"Shoegazing Leo",5984,"2015-04-04 03:53:00",normal
ZCT164,Cas,5978,"2015-04-05 07:48:00",normal
ZCT164,Cas,5933,"2015-04-08 04:28:00",normal
ZCT164,"Bonzai Joe",4522,"2015-04-08 16:02:00",normal
ZCT164,"Akoss Poo",4466,"2015-04-10 12:28:00",quiet
ZCT164,dstien,7829,"2015-04-10 14:19:00",quiet
ZCT164,Usrin,6530,"2015-04-11 01:25:00",normal
ZCT164,Duplode,4542,"2015-04-11 01:26:00",quiet
ZCT164,Usrin,5611,"2015-04-11 02:26:00",quiet
ZCT164,dstien,6045,"2015-04-11 21:10:00",public
ZCT164,"Shoegazing Leo",5964,"2015-04-11 22:58:00",quiet
ZCT164,"Shoegazing Leo",5925,"2015-04-11 23:07:00",quiet
ZCT165,"Shoegazing Leo",8635,"2015-04-12 18:42:00",public
ZCT165,"Shoegazing Leo",8499,"2015-04-12 18:47:00",public
ZCT165,"Shoegazing Leo",6540,"2015-04-12 18:50:00",public
ZCT165,"Shoegazing Leo",6612,"2015-04-12 18:53:00",public
ZCT165,"Shoegazing Leo",6455,"2015-04-12 19:54:00",public
ZCT165,afullo,7608,"2015-04-12 20:21:00",public
ZCT165,dreadnaut,6227,"2015-04-12 20:55:00",public
ZCT165,dreadnaut,5627,"2015-04-12 20:58:00",public
ZCT165,Cas,7049,"2015-04-12 21:38:00",public
ZCT165,"Shoegazing Leo",6460,"2015-04-13 03:51:00",public
ZCT165,"Shoegazing Leo",5627,"2015-04-13 04:00:00",public
ZCT165,"Shoegazing Leo",5549,"2015-04-13 04:03:00",public
ZCT165,"Shoegazing Leo",6224,"2015-04-13 04:12:00",public
ZCT165,"Akoss Poo",5395,"2015-04-13 12:42:00",public
ZCT165,"Akoss Poo",5263,"2015-04-13 14:37:00",public
ZCT165,afullo,7115,"2015-04-13 20:49:00",public
ZCT165,"Shoegazing Leo",5403,"2015-04-13 23:52:00",public
ZCT165,"Shoegazing Leo",5287,"2015-04-14 00:00:00",public
ZCT165,"Shoegazing Leo",5270,"2015-04-14 00:09:00",public
ZCT165,"Shoegazing Leo",5229,"2015-04-14 00:13:00",public
ZCT165,Cas,5756,"2015-04-14 08:17:00",public
ZCT165,"Akoss Poo",4709,"2015-04-14 10:44:00",public
ZCT165,AbuRaf70,5532,"2015-04-14 17:37:00",public
ZCT165,Marco,4817,"2015-04-14 22:25:00",public
ZCT165,AbuRaf70,5258,"2015-04-14 23:59:00",public
ZCT165,AbuRaf70,5208,"2015-04-15 01:31:00",public
ZCT165,afullo,6619,"2015-04-15 22:57:00",public
ZCT165,afullo,6387,"2015-04-15 23:10:00",public
ZCT165,"Alan Rotoi",24754,"2015-04-16 14:53:00",public
ZCT165,Marco,5021,"2015-04-16 18:42:00",public
ZCT165,"Alan Rotoi",6178,"2015-04-17 05:58:00",public
ZCT165,Marco,5967,"2015-04-18 12:26:00",public
ZCT165,Duplode,4486,"2015-04-19 07:28:00",public
ZCT165,Cas,4685,"2015-04-21 21:16:00",public
ZCT165,Marco,4486,"2015-04-21 22:37:00",public
ZCT165,Marco,4374,"2015-04-21 22:38:00",public
ZCT165,Marco,4142,"2015-04-21 22:50:00",public
ZCT165,AbuRaf70,4449,"2015-04-22 01:37:00",public
ZCT165,"Shoegazing Leo",4685,"2015-04-22 05:15:00",public
ZCT165,"Shoegazing Leo",4644,"2015-04-22 05:20:00",public
ZCT165,"Akoss Poo",4279,"2015-04-22 08:56:00",public
ZCT165,"Akoss Poo",4092,"2015-04-22 09:03:00",public
ZCT165,"Shoegazing Leo",4432,"2015-04-22 23:47:00",public
ZCT165,AbuRaf70,4245,"2015-04-23 18:09:00",public
ZCT165,"Shoegazing Leo",4416,"2015-04-23 20:01:00",public
ZCT165,"Shoegazing Leo",4403,"2015-04-23 20:03:00",public
ZCT165,afullo,5922,"2015-04-24 00:48:00",public
ZCT165,AbuRaf70,4229,"2015-04-24 00:52:00",public
ZCT165,dreadnaut,4586,"2015-04-24 19:47:00",public
ZCT165,dreadnaut,4457,"2015-04-25 16:40:00",public
ZCT165,Duplode,3967,"2015-04-26 03:01:00",normal
ZCT165,dstien,4370,"2015-04-26 15:39:00",normal
ZCT165,Cas,4656,"2015-04-27 08:09:00",normal
ZCT165,"Zak McKracken",4179,"2015-04-28 22:04:00",public
ZCT165,"Alan Rotoi",4658,"2015-05-06 02:23:00",normal
ZCT165,"Alan Rotoi",4649,"2015-05-06 02:31:00",normal
ZCT165,"Akoss Poo",3955,"2015-05-07 13:14:00",normal
ZCT165,"Akoss Poo",3822,"2015-05-08 14:31:00",quiet
ZCT165,"Akoss Poo",3810,"2015-05-08 15:01:00",quiet
ZCT165,Usrin,4387,"2015-05-09 00:11:00",normal
ZCT165,Usrin,4150,"2015-05-09 00:33:00",quiet
ZCT165,dreadnaut,4341,"2015-05-09 19:13:00",quiet
ZCT165,dreadnaut,4283,"2015-05-09 19:54:00",quiet
ZCT166,"Shoegazing Leo",14921,"2015-05-10 22:23:00",public
ZCT166,"Akoss Poo",11248,"2015-05-11 12:11:00",public
ZCT166,"Akoss Poo",11115,"2015-05-11 14:31:00",public
ZCT166,AbuRaf70,16394,"2015-05-11 16:43:00",public
ZCT166,afullo,21912,"2015-05-11 17:17:00",public
ZCT166,"Akoss Poo",11650,"2015-05-11 19:42:00",public
ZCT166,dreadnaut,14430,"2015-05-11 19:46:00",public
ZCT166,AbuRaf70,12891,"2015-05-11 22:55:00",public
ZCT166,Cas,12910,"2015-05-12 02:01:00",public
ZCT166,"Akoss Poo",10996,"2015-05-12 08:43:00",public
ZCT166,"Alan Rotoi",16940,"2015-05-12 15:44:00",public
ZCT166,"Shoegazing Leo",13837,"2015-05-12 20:05:00",public
ZCT166,AbuRaf70,12606,"2015-05-13 01:09:00",public
ZCT166,"Shoegazing Leo",13319,"2015-05-13 02:53:00",public
ZCT166,"Alan Rotoi",19500,"2015-05-13 04:37:00",public
ZCT166,"Akoss Poo",10502,"2015-05-13 13:22:00",public
ZCT166,"Akoss Poo",10008,"2015-05-13 14:12:00",public
ZCT166,AbuRaf70,12250,"2015-05-13 16:32:00",public
ZCT166,AbuRaf70,12003,"2015-05-14 16:48:00",public
ZCT166,AbuRaf70,11295,"2015-05-14 17:56:00",public
ZCT166,Duplode,9272,"2015-05-15 01:16:00",public
ZCT166,AbuRaf70,10882,"2015-05-15 17:50:00",public
ZCT166,AbuRaf70,10483,"2015-05-16 03:15:00",public
ZCT166,AbuRaf70,10398,"2015-05-16 03:33:00",public
ZCT166,AbuRaf70,9733,"2015-05-16 04:04:00",public
ZCT166,"Alan Rotoi",13128,"2015-05-17 01:10:00",public
ZCT166,AbuRaf70,9586,"2015-05-17 04:50:00",public
ZCT166,Cas,12436,"2015-05-18 08:56:00",public
ZCT166,"Akoss Poo",9163,"2015-05-22 12:23:00",public
ZCT166,Marco,11866,"2015-05-25 16:57:00",normal
ZCT166,Duplode,9153,"2015-05-26 04:30:00",normal
ZCT166,"Akoss Poo",9144,"2015-05-28 09:42:00",normal
ZCT166,Duplode,9077,"2015-06-02 06:55:00",normal
ZCT166,"Akoss Poo",9072,"2015-06-04 11:54:00",normal
ZCT166,dstien,13081,"2015-06-04 23:04:00",normal
ZCT166,"Akoss Poo",8835,"2015-06-05 06:47:00",quiet
ZCT166,Svenne,16528,"2015-06-05 13:59:00",normal
ZCT166,"Akoss Poo",8806,"2015-06-05 14:34:00",quiet
ZCT166,Usrin,12540,"2015-06-06 01:10:00",normal
ZCT166,Usrin,11082,"2015-06-06 01:11:00",quiet
ZCT166,Duplode,8493,"2015-06-06 05:14:00",quiet
ZCT166,"Alan Rotoi",9448,"2015-06-06 15:45:00",normal
ZCT167,"Shoegazing Leo",6720,"2015-06-07 22:12:00",public
ZCT167,"Akoss Poo",6130,"2015-06-07 22:16:00",public
ZCT167,AbuRaf70,6748,"2015-06-08 00:32:00",public
ZCT167,AbuRaf70,6356,"2015-06-08 00:45:00",public
ZCT167,Duplode,5720,"2015-06-08 06:11:00",public
ZCT167,Cas,7090,"2015-06-08 08:33:00",public
ZCT167,"Akoss Poo",12244,"2015-06-08 08:53:00",public
ZCT167,"Akoss Poo",5682,"2015-06-08 09:19:00",public
ZCT167,Usrin,7785,"2015-06-08 10:45:00",public
ZCT167,"Akoss Poo",5337,"2015-06-08 15:48:00",public
ZCT167,Marco,5460,"2015-06-08 21:56:00",public
ZCT167,AbuRaf70,6266,"2015-06-09 00:39:00",public
ZCT167,AbuRaf70,5905,"2015-06-09 22:19:00",public
ZCT167,Marco,5301,"2015-06-10 20:13:00",public
ZCT167,"Akoss Poo",5283,"2015-06-11 08:54:00",public
ZCT167,"Akoss Poo",5145,"2015-06-11 09:08:00",public
ZCT167,Svenne,6517,"2015-06-11 18:38:00",public
ZCT167,Shorty,8440,"2015-06-11 19:05:00",public
ZCT167,Cas,6328,"2015-06-12 07:15:00",public
ZCT167,Shorty,6590,"2015-06-12 19:07:00",public
ZCT167,dreadnaut,6679,"2015-06-13 00:19:00",public
ZCT167,dreadnaut,6458,"2015-06-13 00:30:00",public
ZCT167,afullo,8123,"2015-06-15 23:33:00",public
ZCT167,Duplode,5136,"2015-06-16 08:13:00",public
ZCT167,"Akoss Poo",5124,"2015-06-16 12:25:00",public
ZCT167,Duplode,4997,"2015-06-21 05:51:00",normal
ZCT167,Shorty,5894,"2015-07-02 02:56:00",normal
ZCT167,"Shoegazing Leo",6286,"2015-07-03 19:10:00",quiet
ZCT167,"Shoegazing Leo",6499,"2015-07-03 19:14:00",quiet
ZCT167,"Shoegazing Leo",6154,"2015-07-03 19:20:00",quiet
ZCT167,"Shoegazing Leo",6051,"2015-07-03 19:46:00",quiet
ZCT167,dreadnaut,5989,"2015-07-03 22:56:00",quiet
ZCT167,Usrin,6337,"2015-07-03 22:56:00",public
ZCT167,Usrin,6068,"2015-07-03 23:06:00",public
ZCT167,kahdra,9189,"2015-07-04 00:58:00",public
ZCT167,dstien,6124,"2015-07-04 01:47:00",normal
ZCT167,Duplode,4915,"2015-07-04 23:19:00",quiet
ZCT167,Duplode,4900,"2015-07-04 23:28:00",quiet
ZCT167,Duplode,4879,"2015-07-04 23:39:00",quiet
ZCT168,PJ,6953,"2015-07-05 23:51:00",public
ZCT168,Usrin,5391,"2015-07-06 00:08:00",public
ZCT168,kahdra,7689,"2015-07-06 00:09:00",public
ZCT168,"Akoss Poo",5376,"2015-07-06 00:11:00",public
ZCT168,PJ,4592,"2015-07-06 00:13:00",public
ZCT168,"Shoegazing Leo",7432,"2015-07-06 01:01:00",public
ZCT168,"Shoegazing Leo",7241,"2015-07-06 01:04:00",public
ZCT168,"Shoegazing Leo",6042,"2015-07-06 01:06:00",public
ZCT168,"Shoegazing Leo",5332,"2015-07-06 01:11:00",public
ZCT168,AbuRaf70,4494,"2015-07-06 01:11:00",public
ZCT168,"Shoegazing Leo",4997,"2015-07-06 01:14:00",public
ZCT168,"Shoegazing Leo",4799,"2015-07-06 01:16:00",public
ZCT168,"Shoegazing Leo",4589,"2015-07-06 03:29:00",public
ZCT168,"Shoegazing Leo",4163,"2015-07-06 03:36:00",public
ZCT168,"Alan Rotoi",4004,"2015-07-06 06:19:00",public
ZCT168,afullo,5913,"2015-07-06 13:52:00",public
ZCT168,"Akoss Poo",3734,"2015-07-06 15:15:00",public
ZCT168,kahdra,5144,"2015-07-06 19:09:00",public
ZCT168,Duplode,3726,"2015-07-06 20:04:00",public
ZCT168,PJ,4391,"2015-07-06 21:16:00",public
ZCT168,AbuRaf70,4070,"2015-07-07 00:24:00",public
ZCT168,afullo,4926,"2015-07-07 03:16:00",public
ZCT168,afullo,4537,"2015-07-07 03:18:00",public
ZCT168,afullo,4376,"2015-07-07 03:22:00",public
ZCT168,afullo,4337,"2015-07-07 03:25:00",public
ZCT168,AbuRaf70,3972,"2015-07-07 22:06:00",public
ZCT168,PJ,4256,"2015-07-08 21:17:00",public
ZCT168,"Shoegazing Leo",4119,"2015-07-09 04:48:00",public
ZCT168,"Shoegazing Leo",4147,"2015-07-09 04:50:00",public
ZCT168,"Shoegazing Leo",4007,"2015-07-09 05:01:00",public
ZCT168,"Akoss Poo",3689,"2015-07-10 12:10:00",public
ZCT168,Shorty,4136,"2015-07-10 18:38:00",public
ZCT168,Marco,3840,"2015-07-10 19:53:00",public
ZCT168,"Akoss Poo",3632,"2015-07-13 18:52:00",public
ZCT168,"Akoss Poo",3455,"2015-07-13 19:17:00",public
ZCT168,Marco,3592,"2015-07-14 11:00:00",public
ZCT168,Marco,3520,"2015-07-14 11:10:00",public
ZCT168,dreadnaut,3982,"2015-07-19 18:54:00",normal
ZCT168,dreadnaut,3744,"2015-07-20 20:36:00",normal
ZCT168,PJ,4314,"2015-07-27 22:55:00",normal
ZCT168,PJ,4195,"2015-07-27 23:13:00",normal
ZCT168,Shorty,4091,"2015-07-28 16:16:00",normal
ZCT168,PJ,5449,"2015-07-28 18:06:00",normal
ZCT168,Shorty,4062,"2015-07-28 18:12:00",normal
ZCT168,PJ,4065,"2015-07-28 19:31:00",normal
ZCT168,PJ,3962,"2015-07-29 16:23:00",normal
ZCT168,"Shoegazing Leo",3954,"2015-07-29 19:19:00",normal
ZCT168,"Akoss Poo",3357,"2015-07-30 16:59:00",normal
ZCT168,AbuRaf70,3922,"2015-07-31 01:54:00",normal
ZCT168,AbuRaf70,3795,"2015-07-31 01:58:00",normal
ZCT168,"Akoss Poo",3321,"2015-07-31 11:57:00",quiet
ZCT168,Usrin,4359,"2015-07-31 17:28:00",normal
ZCT168,Usrin,3884,"2015-07-31 17:28:00",normal
ZCT168,Usrin,3724,"2015-07-31 17:46:00",normal
ZCT168,"Zak McKracken",3797,"2015-07-31 21:32:00",normal
ZCT168,"Zak McKracken",3690,"2015-07-31 21:54:00",normal
ZCT168,"Zak McKracken",3562,"2015-07-31 22:01:00",quiet
ZCT168,Usrin,3587,"2015-07-31 22:31:00",quiet
ZCT168,AbuRaf70,3763,"2015-08-01 00:57:00",normal
ZCT168,dstien,3945,"2015-08-01 01:44:00",normal
ZCT168,Duplode,3416,"2015-08-01 22:08:00",normal
ZCT168,Duplode,3399,"2015-08-01 22:57:00",quiet
ZCT168,Duplode,3338,"2015-08-01 23:34:00",quiet
ZCT168,Duplode,3326,"2015-08-01 23:49:00",quiet
ZCT168,Duplode,3324,"2015-08-01 23:52:00",quiet
ZCT168,Duplode,3321,"2015-08-01 23:54:00",quiet
ZCT169,"Shoegazing Leo",4360,"2015-08-02 21:29:00",public
ZCT169,"Akoss Poo",3790,"2015-08-02 21:39:00",public
ZCT169,"Shoegazing Leo",5386,"2015-08-02 21:56:00",public
ZCT169,"Shoegazing Leo",4245,"2015-08-02 22:02:00",public
ZCT169,AbuRaf70,4167,"2015-08-03 03:42:00",public
ZCT169,AbuRaf70,3925,"2015-08-03 05:08:00",public
ZCT169,afullo,6880,"2015-08-03 12:36:00",public
ZCT169,"Akoss Poo",3713,"2015-08-03 17:45:00",public
ZCT169,Shorty,4188,"2015-08-03 18:59:00",public
ZCT169,dreadnaut,4288,"2015-08-03 19:12:00",public
ZCT169,PJ,4723,"2015-08-03 22:04:00",public
ZCT169,"Zak McKracken",3802,"2015-08-03 22:23:00",public
ZCT169,dreadnaut,4215,"2015-08-03 22:36:00",public
ZCT169,"Shoegazing Leo",4200,"2015-08-04 04:06:00",public
ZCT169,AbuRaf70,3795,"2015-08-07 18:36:00",public
ZCT169,dreadnaut,4063,"2015-08-07 23:29:00",public
ZCT169,"Shoegazing Leo",4185,"2015-08-08 03:52:00",public
ZCT169,PJ,4458,"2015-08-09 14:12:00",public
ZCT169,Marco,3695,"2015-08-11 15:32:00",public
ZCT169,AbuRaf70,3725,"2015-08-12 00:20:00",public
ZCT169,AbuRaf70,3690,"2015-08-12 04:23:00",public
ZCT169,Cas,4820,"2015-08-12 22:57:00",public
ZCT169,Marco,3580,"2015-08-14 01:28:00",public
ZCT169,"Akoss Poo",3498,"2015-08-14 09:55:00",public
ZCT169,AbuRaf70,3558,"2015-08-14 23:56:00",public
ZCT169,Marco,3470,"2015-08-15 16:55:00",public
ZCT169,"Akoss Poo",3460,"2015-08-17 09:08:00",normal
ZCT169,Marco,3458,"2015-08-17 19:45:00",normal
ZCT169,"Akoss Poo",3452,"2015-08-19 09:35:00",normal
ZCT169,Marco,3448,"2015-08-19 23:01:00",normal
ZCT169,"Akoss Poo",3445,"2015-08-20 11:36:00",normal
ZCT169,Marco,3442,"2015-08-20 19:40:00",normal
ZCT169,"Akoss Poo",3440,"2015-08-20 22:59:00",normal
ZCT169,Marco,3427,"2015-08-21 00:33:00",normal
ZCT169,Duplode,3605,"2015-08-21 07:56:00",normal
ZCT169,afullo,5263,"2015-08-23 11:52:00",normal
ZCT169,"Akoss Poo",3425,"2015-08-24 08:54:00",normal
ZCT169,Marco,3417,"2015-08-24 10:28:00",normal
ZCT169,"Akoss Poo",3415,"2015-08-24 10:59:00",normal
ZCT169,Marco,3408,"2015-08-24 11:30:00",normal
ZCT169,"Akoss Poo",3405,"2015-08-24 11:59:00",normal
ZCT169,Marco,3398,"2015-08-24 17:44:00",normal
ZCT169,Marco,3373,"2015-08-28 07:54:00",quiet
ZCT169,Marco,3352,"2015-08-28 13:31:00",quiet
ZCT169,Marco,3338,"2015-08-28 14:00:00",quiet
ZCT169,Marco,3308,"2015-08-28 17:33:00",quiet
ZCT169,"Akoss Poo",3305,"2015-08-28 21:41:00",quiet
ZCT169,Usrin,5655,"2015-08-28 22:37:00",normal
ZCT169,Usrin,4208,"2015-08-28 22:55:00",normal
ZCT169,Usrin,3942,"2015-08-28 23:11:00",normal
ZCT169,dstien,4163,"2015-08-29 00:53:00",normal
ZCT169,"Shoegazing Leo",4098,"2015-08-29 03:43:00",quiet
ZCT169,"Shoegazing Leo",4060,"2015-08-29 03:55:00",quiet
ZCT169,"Shoegazing Leo",4055,"2015-08-29 03:59:00",quiet
ZCT169,"Shoegazing Leo",4050,"2015-08-29 04:02:00",quiet
ZCT169,"Shoegazing Leo",3958,"2015-08-29 04:05:00",quiet
ZCT169,"Shoegazing Leo",3920,"2015-08-29 04:14:00",quiet
ZCT169,Kjotleik,8928,"2015-08-29 16:15:00",public
ZCT169,Kjotleik,5487,"2015-08-29 16:18:00",public
ZCT169,PJ,4417,"2015-08-29 18:57:00",normal
ZCT169,Shorty,3980,"2015-08-29 20:09:00",quiet
ZCT169,Shorty,3938,"2015-08-29 20:16:00",quiet
ZCT169,Usrin,3777,"2015-08-29 22:24:00",quiet
ZCT170,"Shoegazing Leo",9292,"2015-08-30 15:53:00",public
ZCT170,"Shoegazing Leo",7236,"2015-08-30 15:56:00",public
ZCT170,"Shoegazing Leo",7032,"2015-08-30 16:07:00",public
ZCT170,"Shoegazing Leo",6679,"2015-08-30 16:10:00",public
ZCT170,Marco,5734,"2015-08-30 23:11:00",public
ZCT170,AbuRaf70,8208,"2015-08-30 23:50:00",public
ZCT170,AbuRaf70,6176,"2015-08-31 00:15:00",public
ZCT170,afullo,7463,"2015-08-31 01:57:00",public
ZCT170,"Akoss Poo",5625,"2015-08-31 09:36:00",public
ZCT170,Usrin,6379,"2015-08-31 13:56:00",public
ZCT170,AbuRaf70,5895,"2015-08-31 16:56:00",public
ZCT170,"Zak McKracken",5632,"2015-08-31 23:36:00",public
ZCT170,"Zak McKracken",5618,"2015-08-31 23:39:00",public
ZCT170,"Akoss Poo",5588,"2015-09-01 08:38:00",public
ZCT170,AbuRaf70,5824,"2015-09-01 15:08:00",public
ZCT170,AbuRaf70,5805,"2015-09-02 16:19:00",public
ZCT170,Marco,5711,"2015-09-04 14:00:00",public
ZCT170,PJ,8087,"2015-09-10 22:09:00",public
ZCT170,"Akoss Poo",5546,"2015-09-11 11:29:00",public
ZCT170,Cas,6120,"2015-09-14 08:01:00",normal
ZCT170,dreadnaut,6206,"2015-09-15 19:07:00",normal
ZCT170,AbuRaf70,5711,"2015-09-15 22:02:00",normal
ZCT170,SimpleM,7613,"2015-09-16 03:58:00",normal
ZCT170,Shorty,7698,"2015-09-20 17:13:00",normal
ZCT170,PJ,6964,"2015-09-22 19:37:00",normal
ZCT170,Cas,5843,"2015-09-23 04:04:00",normal
ZCT170,Duplode,5363,"2015-09-23 23:29:00",normal
ZCT170,dreadnaut,5760,"2015-09-24 21:15:00",normal
ZCT170,"Akoss Poo",5415,"2015-09-25 11:43:00",normal
ZCT170,"Akoss Poo",5329,"2015-09-25 12:48:00",quiet
ZCT170,Marco,5520,"2015-09-25 19:26:00",normal
ZCT170,Kjotleik,11907,"2015-09-26 12:10:00",public
ZCT170,Kjotleik,7403,"2015-09-26 12:15:00",public
ZCT170,dstien,6139,"2015-09-26 20:49:00",normal
ZCT170,Duplode,5224,"2015-09-26 21:13:00",quiet
ZCT170,Duplode,5190,"2015-09-26 22:57:00",quiet
ZCT171,dreadnaut,11754,"2015-09-27 15:03:00",public
ZCT171,Shorty,12464,"2015-09-27 20:38:00",public
ZCT171,Cas,12574,"2015-09-27 21:02:00",public
ZCT171,Shorty,11996,"2015-09-27 21:21:00",public
ZCT171,"Shoegazing Leo",12278,"2015-09-27 23:38:00",public
ZCT171,AbuRaf70,12216,"2015-09-28 01:02:00",public
ZCT171,Duplode,7313,"2015-09-28 02:21:00",public
ZCT171,"Akoss Poo",12107,"2015-09-28 09:08:00",public
ZCT171,"Akoss Poo",10150,"2015-09-28 09:20:00",public
ZCT171,afullo,13150,"2015-09-28 12:46:00",public
ZCT171,"Akoss Poo",10030,"2015-09-29 13:46:00",public
ZCT171,"Akoss Poo",9162,"2015-09-29 13:57:00",public
ZCT171,"Akoss Poo",8944,"2015-09-29 14:23:00",public
ZCT171,AbuRaf70,11223,"2015-09-29 21:29:00",public
ZCT171,Kjotleik,22026,"2015-10-01 01:57:00",public
ZCT171,"Akoss Poo",7504,"2015-10-01 09:36:00",public
ZCT171,Marco,7621,"2015-10-01 22:09:00",public
ZCT171,"Akoss Poo",7364,"2015-10-02 09:17:00",public
ZCT171,Kjotleik,13273,"2015-10-03 00:17:00",public
ZCT171,"Shoegazing Leo",12499,"2015-10-03 01:26:00",public
ZCT171,dreadnaut,11030,"2015-10-04 00:06:00",public
ZCT171,Kjotleik,12262,"2015-10-04 03:24:00",public
ZCT171,"Akoss Poo",7267,"2015-10-06 10:52:00",public
ZCT171,Duplode,7215,"2015-10-06 18:30:00",public
ZCT171,AbuRaf70,7878,"2015-10-07 00:16:00",public
ZCT171,"Akoss Poo",7202,"2015-10-07 08:56:00",public
ZCT171,Duplode,6955,"2015-10-07 19:48:00",public
ZCT171,"Shoegazing Leo",11119,"2015-10-08 04:05:00",public
ZCT171,"Shoegazing Leo",10946,"2015-10-08 04:07:00",public
ZCT171,dreadnaut,9064,"2015-10-08 20:30:00",public
ZCT171,AbuRaf70,7611,"2015-10-09 00:27:00",public
ZCT171,"Shoegazing Leo",12386,"2015-10-13 02:41:00",normal
ZCT171,"Shoegazing Leo",10884,"2015-10-13 02:54:00",normal
ZCT171,AbuRaf70,7595,"2015-10-14 16:36:00",normal
ZCT171,Marco,7469,"2015-10-17 12:21:00",normal
ZCT171,AbuRaf70,7520,"2015-10-18 22:48:00",normal
ZCT171,"Alan Rotoi",7163,"2015-10-19 05:18:00",normal
ZCT171,AbuRaf70,7456,"2015-10-19 15:54:00",normal
ZCT171,AbuRaf70,7368,"2015-10-20 21:38:00",normal
ZCT171,AbuRaf70,7153,"2015-10-22 17:50:00",normal
ZCT171,Duplode,6253,"2015-10-23 00:29:00",quiet
ZCT171,dstien,11879,"2015-10-23 09:34:00",normal
ZCT171,"Akoss Poo",7137,"2015-10-24 11:15:00",quiet
ZCT171,AbuRaf70,7036,"2015-10-24 16:55:00",normal
ZCT171,AbuRaf70,6994,"2015-10-24 18:38:00",normal
ZCT171,"Alan Rotoi",6614,"2015-10-24 22:39:00",quiet
ZCT171,"Alan Rotoi",6584,"2015-10-24 22:48:00",quiet
ZCT171,AbuRaf70,6792,"2015-10-24 23:00:00",normal
ZCT171,Kjotleik,12143,"2015-10-24 23:42:00",public
ZCT172,"Shoegazing Leo",9214,"2015-10-25 22:07:00",public
ZCT172,"Shoegazing Leo",8904,"2015-10-25 22:12:00",public
ZCT172,"Shoegazing Leo",6641,"2015-10-25 22:17:00",public
ZCT172,AbuRaf70,6517,"2015-10-26 01:56:00",public
ZCT172,"Shoegazing Leo",6610,"2015-10-26 02:45:00",public
ZCT172,"Shoegazing Leo",6493,"2015-10-26 02:52:00",public
ZCT172,Duplode,6207,"2015-10-26 05:56:00",public
ZCT172,"Alan Rotoi",6134,"2015-10-26 10:45:00",public
ZCT172,AbuRaf70,6403,"2015-10-26 15:55:00",public
ZCT172,afullo,12345,"2015-10-26 23:22:00",public
ZCT172,AbuRaf70,6134,"2015-10-27 04:10:00",public
ZCT172,"Akoss Poo",5644,"2015-10-30 11:45:00",public
ZCT172,AbuRaf70,6031,"2015-10-30 16:50:00",public
ZCT172,Duplode,5123,"2015-10-31 05:28:00",public
ZCT172,"Akoss Poo",5103,"2015-11-02 13:06:00",public
ZCT172,afullo,7462,"2015-11-03 23:44:00",public
ZCT172,"Shoegazing Leo",6479,"2015-11-04 02:41:00",public
ZCT172,"Shoegazing Leo",6441,"2015-11-04 02:42:00",public
ZCT172,Duplode,5078,"2015-11-04 05:30:00",public
ZCT172,"Akoss Poo",5075,"2015-11-04 09:49:00",public
ZCT172,Duplode,5061,"2015-11-05 03:36:00",public
ZCT172,"Akoss Poo",5058,"2015-11-06 11:28:00",public
ZCT172,Marco,5517,"2015-11-07 01:04:00",public
ZCT172,Duplode,5047,"2015-11-07 08:37:00",public
ZCT172,"Akoss Poo",5034,"2015-11-07 11:58:00",public
ZCT172,Duplode,4968,"2015-11-09 15:50:00",normal
ZCT172,dreadnaut,5741,"2015-11-10 20:05:00",normal
ZCT172,PJ,7045,"2015-11-10 22:03:00",normal
ZCT172,Drathas,22339,"2015-11-16 17:46:00",public
ZCT172,Usrin,5520,"2015-11-17 00:36:00",normal
ZCT172,Usrin,5496,"2015-11-17 00:40:00",normal
ZCT172,"Zak McKracken",6144,"2015-11-17 18:36:00",normal
ZCT172,"Zak McKracken",6134,"2015-11-17 18:39:00",normal
ZCT172,AbuRaf70,5948,"2015-11-19 00:27:00",normal
ZCT172,dstien,6859,"2015-11-19 21:05:00",normal
ZCT172,"Akoss Poo",4958,"2015-11-20 08:41:00",quiet
ZCT172,Usrin,5358,"2015-11-21 02:04:00",quiet
ZCT172,Duplode,4899,"2015-11-21 04:41:00",quiet
ZCT172,Duplode,4896,"2015-11-21 23:58:00",quiet
ZCT173,Usrin,5826,"2015-11-26 00:50:00",public
ZCT173,"Alan Rotoi",5994,"2015-11-26 01:31:00",public
ZCT173,"Akoss Poo",7095,"2015-11-26 09:31:00",public
ZCT173,"Akoss Poo",5812,"2015-11-26 10:24:00",public
ZCT173,AbuRaf70,6705,"2015-11-26 16:02:00",public
ZCT173,afullo,11835,"2015-11-26 17:56:00",public
ZCT173,afullo,7487,"2015-11-26 18:03:00",public
ZCT173,Usrin,6997,"2015-11-26 23:30:00",public
ZCT173,Usrin,5761,"2015-11-26 23:58:00",public
ZCT173,"Akoss Poo",5723,"2015-11-27 08:31:00",public
ZCT173,"Akoss Poo",4986,"2015-11-27 09:46:00",public
ZCT173,AbuRaf70,6472,"2015-11-27 16:45:00",public
ZCT173,"Zak McKracken",5605,"2015-11-27 21:01:00",public
ZCT173,AbuRaf70,6133,"2015-11-28 00:15:00",public
ZCT173,AbuRaf70,5935,"2015-11-28 14:31:00",public
ZCT173,AbuRaf70,5741,"2015-11-28 16:58:00",public
ZCT173,AbuRaf70,5602,"2015-11-29 00:32:00",public
ZCT173,Duplode,5307,"2015-12-02 04:22:00",public
ZCT173,"Shoegazing Leo",9717,"2015-12-02 14:22:00",public
ZCT173,"Shoegazing Leo",6281,"2015-12-02 14:27:00",public
ZCT173,"Shoegazing Leo",6472,"2015-12-02 14:31:00",public
ZCT173,"Shoegazing Leo",6440,"2015-12-02 14:35:00",public
ZCT173,"Shoegazing Leo",6136,"2015-12-02 14:42:00",public
ZCT173,"Shoegazing Leo",5913,"2015-12-02 14:46:00",public
ZCT173,Duplode,4915,"2015-12-03 05:05:00",public
ZCT173,"Akoss Poo",4906,"2015-12-03 08:19:00",public
ZCT173,dhoine,9564,"2015-12-03 23:12:00",public
ZCT173,Duplode,4850,"2015-12-03 23:28:00",public
ZCT173,dhoine,6496,"2015-12-04 13:31:00",public
ZCT173,Marco,4956,"2015-12-04 21:12:00",public
ZCT173,dhoine,6183,"2015-12-05 11:28:00",public
ZCT173,Usrin,5517,"2015-12-06 00:12:00",public
ZCT173,dhoine,6032,"2015-12-07 08:48:00",public
ZCT173,dhoine,5916,"2015-12-08 20:01:00",public
ZCT173,dhoine,5893,"2015-12-08 20:06:00",public
ZCT173,"Shoegazing Leo",5844,"2015-12-09 00:15:00",normal
ZCT173,"Shoegazing Leo",5800,"2015-12-09 23:01:00",normal
ZCT173,dhoine,5850,"2015-12-10 19:48:00",normal
ZCT173,Marco,4847,"2015-12-11 15:25:00",normal
ZCT173,"Shoegazing Leo",5782,"2015-12-12 13:59:00",normal
ZCT173,AbuRaf70,5561,"2015-12-14 15:52:00",normal
ZCT173,AbuRaf70,5540,"2015-12-14 23:03:00",normal
ZCT173,"Akoss Poo",4844,"2015-12-17 12:08:00",normal
ZCT173,Marco,4809,"2015-12-17 19:18:00",normal
ZCT173,satanziege,7623,"2015-12-18 01:01:00",public
ZCT173,Usrin,5434,"2015-12-18 01:25:00",normal
ZCT173,Usrin,5227,"2015-12-18 01:26:00",quiet
ZCT173,"Akoss Poo",4809,"2015-12-18 14:23:00",quiet
ZCT173,dhoine,5714,"2015-12-18 17:53:00",quiet
ZCT173,dhoine,5632,"2015-12-18 18:14:00",normal
ZCT173,dreadnaut,5593,"2015-12-18 21:12:00",normal
ZCT173,dstien,5965,"2015-12-18 23:50:00",normal
ZCT173,Marco,4729,"2015-12-19 00:11:00",quiet
ZCT173,Duplode,4629,"2015-12-19 07:36:00",quiet
ZCT173,"Alan Rotoi",5546,"2015-12-19 22:29:00",quiet
