"track","name","corrected_hsec","submitted_on","visibility"
"ZCT282","Cas","10424","2025-01-13 22:54:23","public"
"ZCT282","Cas","9824","2025-01-13 22:59:02","public"
"ZCT282","Cas","13106","2025-01-13 23:03:11","public"
"ZCT282","Zapper","9812","2025-01-14 00:29:00","public"
"ZCT282","dreadnaut","9239","2025-01-14 01:10:28","public"
"ZCT282","Mortimer McMire","10710","2025-01-14 08:58:59","public"
"ZCT282","Argammon","8054","2025-01-14 09:17:48","public"
"ZCT282","Mortimer McMire","9223","2025-01-14 09:22:01","public"
"ZCT282","Spoonboy","9269","2025-01-14 12:12:23","public"
"ZCT282","Spoonboy","8606","2025-01-14 19:11:10","public"
"ZCT282","Frieshansen","8585","2025-01-14 19:35:31","public"
"ZCT282","Overdrijf","9202","2025-01-14 19:46:47","public"
"ZCT282","Mortimer McMire","8880","2025-01-14 21:00:51","public"
"ZCT282","Spoonboy","8335","2025-01-15 00:25:16","public"
"ZCT282","Alan Rotoi","7376","2025-01-15 19:45:21","public"
"ZCT282","Duplode","8196","2025-01-16 00:26:56","public"
"ZCT282","Duplode","8147","2025-01-16 00:38:31","public"
"ZCT282","Argammon","7204","2025-01-16 07:22:12","public"
"ZCT282","Spoonboy","8122","2025-01-16 12:22:02","public"
"ZCT282","Argammon","7776","2025-01-16 18:05:06","public"
"ZCT282","Usrin","9541","2025-01-17 19:39:59","public"
"ZCT282","Duplode","8257","2025-01-18 21:15:53","public"
"ZCT282","dreadnaut","8241","2025-01-19 00:23:16","public"
"ZCT282","Frieshansen","8848","2025-01-19 16:10:31","public"
"ZCT282","Mortimer McMire","8766","2025-01-19 19:21:53","public"
"ZCT282","Stingray86","11117","2025-01-20 12:57:40","public"
"ZCT282","Mortimer McMire","8693","2025-01-20 15:03:39","public"
"ZCT282","Mark Nailwood","9635","2025-01-20 18:19:48","public"
"ZCT282","Mark Nailwood","8930","2025-01-20 18:33:53","public"
"ZCT282","Argammon","8093","2025-01-21 11:57:36","public"
"ZCT282","Frieshansen","8476","2025-01-21 19:58:23","public"
"ZCT282","Duplode","10903","2025-01-22 02:15:53","public"
"ZCT282","Zapper","8421","2025-01-22 18:56:34","public"
"ZCT282","Frieshansen","8900","2025-01-22 20:35:53","public"
"ZCT282","Mortimer McMire","12154","2025-01-23 15:18:33","public"
"ZCT282","Mortimer McMire","8654","2025-01-23 15:56:30","public"
"ZCT282","Frieshansen","7733","2025-01-24 00:05:08","normal"
"ZCT282","Duplode","6974","2025-01-24 00:54:12","normal"
"ZCT282","Argammon","6972","2025-01-24 07:25:05","normal"
"ZCT282","Mortimer McMire","8011","2025-01-24 09:28:50","normal"
"ZCT282","Mortimer McMire","7954","2025-01-24 09:31:46","normal"
"ZCT282","Alan Rotoi","6572","2025-01-24 16:01:11","normal"
"ZCT282","Spoonboy","7081","2025-01-24 17:18:17","normal"
"ZCT282","Cas","9246","2025-01-24 18:07:50","normal"
"ZCT282","Mark Nailwood","8557","2025-01-24 18:27:23","normal"
"ZCT282","Cas","9326","2025-01-24 18:54:40","normal"
"ZCT282","Cas","9106","2025-01-24 19:00:59","normal"
"ZCT282","Duplode","6916","2025-01-25 04:35:13","normal"
"ZCT282","Argammon","6896","2025-01-25 07:38:33","normal"
"ZCT282","Stingray86","10927","2025-01-25 12:25:14","public"
"ZCT282","Duplode","6884","2025-01-25 15:57:35","normal"
"ZCT282","Argammon","6880","2025-01-25 17:03:03","normal"
"ZCT282","Duplode","6872","2025-01-25 17:28:44","normal"
"ZCT282","Argammon","6868","2025-01-25 17:36:00","normal"
"ZCT282","afullo","9992","2025-01-25 22:38:48","normal"
"ZCT282","Duplode","6816","2025-01-26 18:34:37","normal"
"ZCT282","Argammon","6808","2025-01-26 20:03:45","normal"
"ZCT282","Frieshansen","7190","2025-01-28 22:54:03","normal"
"ZCT282","Argammon","6989","2025-01-29 21:06:24","normal"
"ZCT282","Argammon","6653","2025-01-29 21:09:15","normal"
"ZCT282","Duplode","6643","2025-01-29 23:36:27","normal"
"ZCT282","HerrNove","14392","2025-01-30 01:54:45","normal"
"ZCT282","Shoegazing Leo","10992","2025-01-30 02:56:42","normal"
"ZCT282","Shoegazing Leo","9967","2025-01-30 03:00:27","normal"
"ZCT282","Shoegazing Leo","9651","2025-01-30 03:03:44","normal"
"ZCT282","Shoegazing Leo","9518","2025-01-30 03:34:10","normal"
"ZCT282","Shoegazing Leo","9139","2025-01-30 03:38:00","normal"
"ZCT282","Shoegazing Leo","9072","2025-01-30 03:40:54","normal"
"ZCT282","Argammon","6636","2025-01-30 08:07:23","normal"
"ZCT282","Ryoma","9778","2025-01-30 11:56:20","normal"
"ZCT282","Ryoma","8563","2025-01-30 14:23:02","normal"
"ZCT282","HerrNove","10033","2025-01-30 22:40:41","public"
"ZCT282","Duplode","6566","2025-01-30 23:30:14","normal"
"ZCT282","HerrNove","9784","2025-01-31 01:48:06","public"
"ZCT282","HerrNove","9504","2025-01-31 02:01:33","normal"
"ZCT282","Erik Barros","9906","2025-01-31 05:08:47","normal"
"ZCT282","Argammon","6564","2025-01-31 07:26:10","normal"
"ZCT282","Mark Nailwood","8413","2025-01-31 18:38:14","normal"
"ZCT282","Mark Nailwood","8189","2025-02-01 00:50:41","normal"
"ZCT282","Alan Rotoi","6538","2025-02-01 01:28:50","normal"
"ZCT282","HerrNove","9310","2025-02-01 09:15:29","normal"
"ZCT282","HerrNove","9287","2025-02-01 09:32:24","normal"
"ZCT282","Spoonboy","6518","2025-02-01 14:18:11","normal"
"ZCT282","Alan Rotoi","6470","2025-02-01 19:48:54","normal"
"ZCT282","Chulk","8664","2025-02-02 00:26:26","normal"
"ZCT282","Spoonboy","6461","2025-02-02 05:29:14","normal"
"ZCT282","Argammon","6500","2025-02-02 11:43:10","public"
"ZCT282","Alan Rotoi","6326","2025-02-02 15:28:12","normal"
"ZCT282","Duplode","8356","2025-02-02 16:39:54","normal"
"ZCT282","HerrNove","9177","2025-02-03 01:13:09","public"
"ZCT282","HerrNove","8995","2025-02-03 02:00:31","public"
"ZCT282","Mortimer McMire","7917","2025-02-03 14:41:39","normal"
"ZCT282","MiDiaN","8592","2025-02-03 19:45:11","normal"
"ZCT282","HerrNove","8544","2025-02-03 20:47:11","public"
"ZCT282","KyLiE","7435","2025-02-04 16:26:37","normal"
"ZCT282","MiDiaN","8458","2025-02-04 16:48:04","normal"
"ZCT282","MiDiaN","8424","2025-02-04 17:13:46","normal"
"ZCT282","Cas","8880","2025-02-05 01:23:51","normal"
"ZCT282","Erik Barros","7478","2025-02-05 03:07:05","normal"
"ZCT282","Mortimer McMire","7901","2025-02-05 14:56:30","normal"
"ZCT282","MiDiaN","8083","2025-02-05 21:07:09","normal"
"ZCT282","HerrNove","8495","2025-02-06 01:59:23","public"
"ZCT282","MiDiaN","7838","2025-02-06 15:22:08","normal"
"ZCT282","Mark Nailwood","8141","2025-02-06 16:55:23","normal"
"ZCT282","MiDiaN","7733","2025-02-06 19:23:52","normal"
"ZCT282","Argammon","6322","2025-02-06 19:24:12","normal"
"ZCT282","Zapper","8021","2025-02-06 19:57:45","normal"
"ZCT282","Zapper","7800","2025-02-06 20:02:07","normal"
"ZCT282","Zapper","7560","2025-02-06 20:22:02","normal"
"ZCT282","Zapper","7555","2025-02-06 20:25:20","normal"
"ZCT282","Duplode","6304","2025-02-06 22:34:47","normal"
"ZCT282","Duplode","6379","2025-02-07 00:19:22","quiet"
"ZCT282","Duplode","6224","2025-02-07 00:20:14","quiet"
"ZCT282","Duplode","6043","2025-02-07 00:20:41","quiet"
"ZCT282","Duplode","6005","2025-02-07 00:21:09","quiet"
"ZCT282","Duplode","5784","2025-02-07 03:53:26","quiet"
"ZCT282","MiDiaN","7579","2025-02-07 16:48:46","normal"
"ZCT282","MiDiaN","7526","2025-02-07 17:46:53","normal"
"ZCT282","Alan Rotoi","5631","2025-02-07 18:29:21","quiet"
"ZCT282","Alan Rotoi","5436","2025-02-07 18:29:39","quiet"
"ZCT282","Alan Rotoi","5283","2025-02-07 18:29:59","quiet"
"ZCT282","Alan Rotoi","5274","2025-02-07 18:30:19","quiet"
"ZCT282","Alan Rotoi","5240","2025-02-07 19:28:57","quiet"
"ZCT282","Alan Rotoi","5083","2025-02-07 21:48:45","quiet"
"ZCT282","Alan Rotoi","4998","2025-02-07 21:49:10","quiet"
"ZCT282","Alan Rotoi","4828","2025-02-07 22:50:58","quiet"
"ZCT282","Alan Rotoi","4777","2025-02-07 23:21:52","quiet"
"ZCT282","Alan Rotoi","4756","2025-02-08 00:16:16","quiet"
"ZCT282","Alan Rotoi","4743","2025-02-08 00:29:55","quiet"
"ZCT282","Cas","8784","2025-02-08 02:38:44","quiet"
"ZCT282","Shoegazing Leo","9024","2025-02-08 03:45:38","quiet"
"ZCT282","Shoegazing Leo","8818","2025-02-08 03:50:32","quiet"
"ZCT282","Shoegazing Leo","8669","2025-02-08 03:59:35","quiet"
"ZCT282","HerrNove","8438","2025-02-08 04:00:26","quiet"
"ZCT282","HerrNove","8413","2025-02-08 04:13:19","quiet"
"ZCT282","MiDiaN","7512","2025-02-08 09:03:52","quiet"
"ZCT282","Mortimer McMire","7838","2025-02-08 11:39:04","quiet"
"ZCT282","Frieshansen","6069","2025-02-08 13:53:01","quiet"
"ZCT282","KyLiE","7330","2025-02-08 15:28:37","normal"
"ZCT282","KyLiE","7597","2025-02-08 15:30:50","quiet"
"ZCT282","KyLiE","6184","2025-02-08 15:32:32","quiet"
"ZCT282","dstien","9571","2025-02-08 17:22:41","normal"
"ZCT282","dstien","9278","2025-02-08 17:28:25","quiet"
"ZCT282","Duplode","6650","2025-02-08 19:38:56","normal"
"ZCT282","Mark Nailwood","7982","2025-02-08 20:21:41","normal"
"ZCT282","Shoegazing Leo","8630","2025-02-08 20:25:20","quiet"
"ZCT282","Argammon","5157","2025-02-08 20:53:22","quiet"
"ZCT282","Spoonboy","6446","2025-02-08 20:56:09","quiet"
"ZCT282","Duplode","6504","2025-02-08 22:02:13","quiet"
"ZCT282","Duplode","6293","2025-02-08 22:02:56","quiet"
"ZCT282","Duplode","6076","2025-02-08 22:03:32","quiet"
"ZCT282","Duplode","5805","2025-02-08 22:04:02","quiet"
"ZCT282","Duplode","5724","2025-02-08 22:04:20","quiet"
"ZCT282","Duplode","5707","2025-02-08 22:04:39","quiet"
"ZCT282","Overdrijf","7675","2025-02-08 22:33:11","quiet"
"ZCT282","Spoonboy","6825","2025-02-08 22:51:47","quiet"
"ZCT282","Overdrijf","7166","2025-02-08 23:06:03","quiet"
"ZCT282","Overdrijf","6816","2025-02-08 23:32:24","quiet"
"ZCT282","Spoonboy","6171","2025-02-08 23:42:39","normal"
"ZCT282","Argammon","5023","2025-02-08 23:54:20","quiet"
"ZCT282","Argammon","5002","2025-02-08 23:56:38","quiet"
"ZCT282","Argammon","5334","2025-02-08 23:58:00","normal"
"ZCT283","Shoegazing Leo","10930","2025-02-09 21:06:24","public"
"ZCT283","Shoegazing Leo","10559","2025-02-09 21:10:06","public"
"ZCT283","Mortimer McMire","12351","2025-02-09 21:16:53","public"
"ZCT283","Mortimer McMire","12190","2025-02-09 21:23:46","public"
"ZCT283","Alan Rotoi","10731","2025-02-09 21:24:04","public"
"ZCT283","Shoegazing Leo","10461","2025-02-09 21:24:11","public"
"ZCT283","MiDiaN","9584","2025-02-09 21:31:11","public"
"ZCT283","Mortimer McMire","11072","2025-02-09 21:33:13","public"
"ZCT283","Shoegazing Leo","10340","2025-02-09 21:37:09","public"
"ZCT283","Mortimer McMire","10663","2025-02-09 21:47:11","public"
"ZCT283","Mortimer McMire","10480","2025-02-09 21:57:23","public"
"ZCT283","Alan Rotoi","9263","2025-02-09 22:14:58","public"
"ZCT283","Mortimer McMire","10408","2025-02-09 22:20:43","public"
"ZCT283","Mark Nailwood","9755","2025-02-09 22:25:38","public"
"ZCT283","Argammon","8360","2025-02-09 22:53:14","public"
"ZCT283","Alan Rotoi","7784","2025-02-09 23:19:01","public"
"ZCT283","HerrNove","10166","2025-02-10 01:01:13","public"
"ZCT283","HerrNove","9899","2025-02-10 01:06:35","public"
"ZCT283","Shoegazing Leo","9949","2025-02-10 01:48:39","public"
"ZCT283","Shoegazing Leo","9832","2025-02-10 01:59:37","public"
"ZCT283","Shoegazing Leo","9762","2025-02-10 02:00:24","public"
"ZCT283","Erik Barros","8964","2025-02-10 02:23:40","public"
"ZCT283","HerrNove","9701","2025-02-10 02:41:46","public"
"ZCT283","HerrNove","9546","2025-02-10 03:03:30","public"
"ZCT283","Argammon","7745","2025-02-10 07:52:46","public"
"ZCT283","Mortimer McMire","10169","2025-02-10 08:41:01","public"
"ZCT283","Mortimer McMire","10027","2025-02-10 09:05:03","public"
"ZCT283","Mortimer McMire","9750","2025-02-10 09:20:27","public"
"ZCT283","Mortimer McMire","9688","2025-02-10 09:58:40","public"
"ZCT283","HerrNove","9306","2025-02-10 11:00:27","public"
"ZCT283","Stingray86","11372","2025-02-10 12:17:35","public"
"ZCT283","Mortimer McMire","9559","2025-02-10 13:59:34","public"
"ZCT283","Mortimer McMire","9489","2025-02-10 14:34:21","public"
"ZCT283","Spoonboy","9280","2025-02-10 14:35:59","public"
"ZCT283","Mortimer McMire","9434","2025-02-10 14:54:32","public"
"ZCT283","Mark Nailwood","9317","2025-02-10 15:47:50","public"
"ZCT283","Mark Nailwood","9142","2025-02-10 15:50:30","public"
"ZCT283","MiDiaN","7925","2025-02-10 19:17:29","public"
"ZCT283","Frieshansen","8791","2025-02-10 20:31:48","public"
"ZCT283","Alan Rotoi","7679","2025-02-10 22:21:16","public"
"ZCT283","Argammon","7573","2025-02-11 07:22:10","public"
"ZCT283","MiDiaN","7823","2025-02-11 10:42:09","public"
"ZCT283","Spoonboy","8494","2025-02-11 12:28:52","public"
"ZCT283","Duplode","10827","2025-02-11 12:38:16","public"
"ZCT283","KyLiE","7801","2025-02-11 15:24:14","public"
"ZCT283","Cas","10156","2025-02-11 18:08:20","public"
"ZCT283","HerrNove","12628","2025-02-11 20:24:44","public"
"ZCT283","Alan Rotoi","7570","2025-02-11 21:43:12","public"
"ZCT283","HerrNove","8960","2025-02-11 22:57:03","public"
"ZCT283","KyLiE","7535","2025-02-12 04:48:09","public"
"ZCT283","Argammon","7547","2025-02-12 07:22:33","public"
"ZCT283","Ryoma","10740","2025-02-12 07:47:14","public"
"ZCT283","Alan Rotoi","7539","2025-02-12 20:04:39","public"
"ZCT283","Argammon","7515","2025-02-12 20:06:27","public"
"ZCT283","Alan Rotoi","7532","2025-02-12 20:14:06","public"
"ZCT283","Alan Rotoi","7494","2025-02-12 21:06:08","public"
"ZCT283","Mortimer McMire","8568","2025-02-12 21:11:46","public"
"ZCT283","Duplode","9565","2025-02-12 22:54:25","public"
"ZCT283","HerrNove","8618","2025-02-13 00:18:28","public"
"ZCT283","HerrNove","8565","2025-02-13 00:55:52","public"
"ZCT283","KyLiE","7467","2025-02-13 02:50:38","public"
"ZCT283","Alan Rotoi","7444","2025-02-13 04:14:53","public"
"ZCT283","KyLiE","7440","2025-02-13 06:06:29","public"
"ZCT283","Argammon","7488","2025-02-13 07:21:54","public"
"ZCT283","Argammon","7418","2025-02-13 07:22:35","public"
"ZCT283","Mortimer McMire","8541","2025-02-13 08:24:37","public"
"ZCT283","Mortimer McMire","8467","2025-02-13 11:51:31","public"
"ZCT283","Mortimer McMire","8358","2025-02-13 12:15:02","public"
"ZCT283","Alan Rotoi","7391","2025-02-13 12:50:33","public"
"ZCT283","Mortimer McMire","12308","2025-02-13 16:09:46","public"
"ZCT283","HerrNove","8341","2025-02-13 21:01:19","public"
"ZCT283","HerrNove","8288","2025-02-13 21:31:36","public"
"ZCT283","Spoonboy","8236","2025-02-13 22:17:11","public"
"ZCT283","Argammon","7387","2025-02-14 06:35:58","public"
"ZCT283","Alan Rotoi","7383","2025-02-14 14:03:42","public"
"ZCT283","Frieshansen","8000","2025-02-14 22:00:55","public"
"ZCT283","Argammon","7361","2025-02-15 06:54:26","public"
"ZCT283","Duplode","7991","2025-02-15 14:58:31","public"
"ZCT283","HerrNove","8151","2025-02-15 16:14:21","public"
"ZCT283","HerrNove","8094","2025-02-15 16:52:58","public"
"ZCT283","Spoonboy","7927","2025-02-15 18:54:30","public"
"ZCT283","HerrNove","7995","2025-02-16 00:23:43","public"
"ZCT283","Alan Rotoi","7209","2025-02-16 01:15:53","public"
"ZCT283","HerrNove","7988","2025-02-16 02:42:41","public"
"ZCT283","MiDiaN","7349","2025-02-16 10:39:38","public"
"ZCT283","Argammon","7288","2025-02-16 13:21:28","public"
"ZCT283","Cas","9929","2025-02-17 02:42:36","public"
"ZCT283","Cas","9515","2025-02-17 22:14:26","public"
"ZCT283","Duplode","7606","2025-02-18 02:54:52","public"
"ZCT283","Zapper","8383","2025-02-18 20:32:11","public"
"ZCT283","Zapper","8865","2025-02-18 20:42:52","public"
"ZCT283","Zapper","9254","2025-02-18 20:53:07","public"
"ZCT283","Zapper","8791","2025-02-18 21:06:50","public"
"ZCT283","Duplode","11465","2025-02-19 01:09:28","public"
"ZCT283","dreadnaut","9891","2025-02-19 22:46:52","public"
"ZCT283","Argammon","7205","2025-02-20 06:38:44","normal"
"ZCT283","Alan Rotoi","7197","2025-02-20 23:22:30","normal"
"ZCT283","Argammon","7190","2025-02-21 05:58:07","normal"
"ZCT283","Stingray86","11167","2025-02-21 12:49:13","public"
"ZCT283","Alan Rotoi","7182","2025-02-21 12:51:41","normal"
"ZCT283","Argammon","7178","2025-02-22 07:25:40","normal"
"ZCT283","Alan Rotoi","7171","2025-02-22 07:45:22","normal"
"ZCT283","Argammon","7167","2025-02-22 18:48:55","normal"
"ZCT283","dreadnaut","8634","2025-02-23 12:55:09","normal"
"ZCT283","Frieshansen","7296","2025-02-23 20:11:26","normal"
"ZCT283","MiDiaN","7133","2025-02-23 21:12:11","normal"
"ZCT283","MiDiaN","7125","2025-02-24 11:20:28","normal"
"ZCT283","Raskolnikovik","10249","2025-02-26 00:34:37","public"
"ZCT283","Raskolnikovik","10963","2025-02-26 04:04:16","public"
"ZCT283","Raskolnikovik","9504","2025-02-26 07:23:53","public"
"ZCT283","Mortimer McMire","8354","2025-02-26 12:00:35","normal"
"ZCT283","Mortimer McMire","8535","2025-02-26 18:42:55","normal"
"ZCT283","Argammon","7923","2025-02-26 19:54:15","normal"
"ZCT283","Raskolnikovik","9126","2025-02-26 20:05:05","public"
"ZCT283","Raskolnikovik","10670","2025-02-27 02:49:24","public"
"ZCT283","Raskolnikovik","8962","2025-02-28 01:01:34","public"
"ZCT283","Mark Nailwood","8533","2025-03-01 01:17:50","normal"
"ZCT283","Raskolnikovik","8531","2025-03-02 18:48:06","public"
"ZCT283","MiDiaN","7241","2025-03-02 20:24:09","normal"
"ZCT283","Raskolnikovik","8331","2025-03-03 07:17:20","public"
"ZCT283","Duplode","7776","2025-03-03 16:07:46","normal"
"ZCT283","HerrNove","9185","2025-03-04 02:33:04","public"
"ZCT283","afullo","10644","2025-03-04 10:02:56","normal"
"ZCT283","Duplode","7421","2025-03-04 19:54:07","normal"
"ZCT283","Raskolnikovik","8308","2025-03-04 22:26:24","public"
"ZCT283","Ryoma","10460","2025-03-05 08:14:23","normal"
"ZCT283","Ryoma","10066","2025-03-05 12:23:35","normal"
"ZCT283","Ryoma","9785","2025-03-05 12:27:31","normal"
"ZCT283","Ryoma","9809","2025-03-05 12:28:40","normal"
"ZCT283","Ryoma","9742","2025-03-05 12:30:20","normal"
"ZCT283","Ryoma","9967","2025-03-05 12:34:33","normal"
"ZCT283","Ryoma","11267","2025-03-05 12:38:36","normal"
"ZCT283","Ryoma","9621","2025-03-05 12:44:53","normal"
"ZCT283","Ryoma","9539","2025-03-05 12:45:41","normal"
"ZCT283","Ryoma","9481","2025-03-05 12:47:23","normal"
"ZCT283","Zapper","8166","2025-03-05 18:20:09","normal"
"ZCT283","Zapper","8090","2025-03-05 19:12:20","normal"
"ZCT283","Raskolnikovik","8213","2025-03-06 01:40:37","normal"
"ZCT283","Mortimer McMire","8269","2025-03-06 19:48:56","normal"
"ZCT283","Alan Rotoi","7152","2025-03-07 00:42:39","quiet"
"ZCT283","Alan Rotoi","7129","2025-03-07 01:06:48","quiet"
"ZCT283","Duplode","7310","2025-03-07 05:37:09","quiet"
"ZCT283","Argammon","6938","2025-03-07 08:05:14","quiet"
"ZCT283","Ryoma","10217","2025-03-07 11:57:29","normal"
"ZCT283","Ryoma","11564","2025-03-07 12:02:11","normal"
"ZCT283","Ryoma","10488","2025-03-07 12:06:46","normal"
"ZCT283","MiDiaN","7117","2025-03-07 13:54:59","quiet"
"ZCT283","dstien","9397","2025-03-07 18:07:06","normal"
"ZCT283","Alan Rotoi","7125","2025-03-07 19:48:02","quiet"
"ZCT283","Alan Rotoi","7121","2025-03-07 23:04:55","quiet"
"ZCT283","Alan Rotoi","7117","2025-03-07 23:10:28","quiet"
"ZCT283","Overdrijf","8759","2025-03-07 23:12:11","quiet"
"ZCT283","Alan Rotoi","7114","2025-03-07 23:12:32","quiet"
"ZCT283","Duplode","7229","2025-03-08 04:44:05","quiet"
"ZCT283","Raskolnikovik","8026","2025-03-08 05:05:46","quiet"
"ZCT283","Duplode","10222","2025-03-08 05:17:55","public"
"ZCT283","Spoonboy","7471","2025-03-08 12:03:14","quiet"
"ZCT283","Spoonboy","9679","2025-03-08 12:09:03","normal"
"ZCT283","Spoonboy","8424","2025-03-08 12:11:47","quiet"
"ZCT283","Zapper","8508","2025-03-08 13:23:09","normal"
"ZCT283","Zapper","8064","2025-03-08 13:50:59","normal"
"ZCT283","Mark Nailwood","8371","2025-03-08 13:53:54","normal"
"ZCT283","Mark Nailwood","8208","2025-03-08 16:38:46","quiet"
"ZCT283","Duplode","7484","2025-03-08 16:56:26","normal"
"ZCT283","Duplode","7381","2025-03-08 16:56:52","quiet"
"ZCT283","Argammon","6816","2025-03-08 17:02:17","quiet"
"ZCT283","Duplode","7339","2025-03-08 17:28:26","quiet"
"ZCT283","Duplode","7476","2025-03-08 20:10:52","normal"
"ZCT283","Duplode","7837","2025-03-08 20:11:20","quiet"
"ZCT283","Frieshansen","7250","2025-03-08 20:30:06","quiet"
"ZCT283","Duplode","7970","2025-03-08 20:59:07","normal"
"ZCT283","Duplode","7469","2025-03-08 21:02:40","normal"
"ZCT283","Duplode","7952","2025-03-08 21:41:16","quiet"
"ZCT283","Duplode","7778","2025-03-08 22:14:06","normal"
"ZCT283","dreadnaut","8197","2025-03-08 23:08:58","quiet"
"ZCT283","Duplode","7225","2025-03-08 23:48:29","quiet"
"ZCT284","Mortimer McMire","9505","2025-03-09 19:41:04","public"
"ZCT284","Mortimer McMire","8806","2025-03-09 19:54:59","public"
"ZCT284","Mortimer McMire","8731","2025-03-09 20:07:30","public"
"ZCT284","Mortimer McMire","8413","2025-03-09 20:22:56","public"
"ZCT284","Mortimer McMire","8369","2025-03-09 20:27:15","public"
"ZCT284","Shoegazing Leo","8395","2025-03-09 20:57:49","public"
"ZCT284","Shoegazing Leo","8180","2025-03-09 21:01:09","public"
"ZCT284","Shoegazing Leo","7669","2025-03-09 21:08:20","public"
"ZCT284","dreadnaut","10009","2025-03-09 21:40:26","public"
"ZCT284","Alan Rotoi","8077","2025-03-09 21:50:07","public"
"ZCT284","Mark Nailwood","7643","2025-03-09 23:19:42","public"
"ZCT284","dreadnaut","6566","2025-03-09 23:37:53","public"
"ZCT284","dreadnaut","7002","2025-03-09 23:43:39","public"
"ZCT284","HerrNove","7546","2025-03-09 23:56:04","public"
"ZCT284","HerrNove","11009","2025-03-10 00:15:53","public"
"ZCT284","Raskolnikovik","8545","2025-03-10 00:36:40","public"
"ZCT284","Raskolnikovik","7335","2025-03-10 04:58:57","public"
"ZCT284","Raskolnikovik","10078","2025-03-10 05:31:35","public"
"ZCT284","Ryoma","7790","2025-03-10 07:46:24","public"
"ZCT284","Mortimer McMire","7429","2025-03-10 08:10:35","public"
"ZCT284","Mortimer McMire","6953","2025-03-10 08:30:44","public"
"ZCT284","Ryoma","8622","2025-03-10 10:14:29","public"
"ZCT284","HerrNove","7427","2025-03-10 11:03:10","public"
"ZCT284","Ryoma","7573","2025-03-10 12:34:48","public"
"ZCT284","Ryoma","7423","2025-03-10 12:40:55","public"
"ZCT284","Ryoma","7311","2025-03-10 12:43:47","public"
"ZCT284","Ryoma","7671","2025-03-10 12:52:20","public"
"ZCT284","Mark Nailwood","7329","2025-03-10 12:58:32","public"
"ZCT284","Mark Nailwood","7293","2025-03-10 13:02:12","public"
"ZCT284","Zapper","6995","2025-03-10 13:04:16","public"
"ZCT284","Mark Nailwood","6807","2025-03-10 13:11:05","public"
"ZCT284","Zapper","6780","2025-03-10 13:31:29","public"
"ZCT284","Zapper","7508","2025-03-10 13:38:50","public"
"ZCT284","Zapper","6622","2025-03-10 13:59:05","public"
"ZCT284","Zapper","6574","2025-03-10 14:09:09","public"
"ZCT284","Mark Nailwood","9796","2025-03-10 15:54:53","public"
"ZCT284","Zapper","6323","2025-03-10 16:37:01","public"
"ZCT284","Mark Nailwood","9362","2025-03-10 16:39:29","public"
"ZCT284","Zapper","6210","2025-03-10 16:39:40","public"
"ZCT284","Zapper","9350","2025-03-10 16:59:24","public"
"ZCT284","Frieshansen","6068","2025-03-10 19:43:52","public"
"ZCT284","Spoonboy","6997","2025-03-10 23:47:39","public"
"ZCT284","Alan Rotoi","6368","2025-03-11 01:16:40","public"
"ZCT284","Raskolnikovik","7272","2025-03-11 01:31:37","public"
"ZCT284","KyLiE","6060","2025-03-11 02:55:44","public"
"ZCT284","Shoegazing Leo","7665","2025-03-11 03:07:55","public"
"ZCT284","Shoegazing Leo","7635","2025-03-11 03:09:35","public"
"ZCT284","Shoegazing Leo","7582","2025-03-11 03:17:03","public"
"ZCT284","Shoegazing Leo","7526","2025-03-11 03:20:44","public"
"ZCT284","Alan Rotoi","6004","2025-03-11 04:06:06","public"
"ZCT284","Duplode","6397","2025-03-11 10:47:59","public"
"ZCT284","Stingray86","9433","2025-03-11 12:25:44","public"
"ZCT284","Spoonboy","6566","2025-03-11 17:37:45","public"
"ZCT284","Frieshansen","6053","2025-03-11 19:18:27","public"
"ZCT284","dreadnaut","6345","2025-03-11 20:47:59","public"
"ZCT284","Mortimer McMire","6754","2025-03-11 21:32:54","public"
"ZCT284","Argammon","6034","2025-03-11 23:11:39","public"
"ZCT284","Ryoma","7425","2025-03-12 07:44:39","public"
"ZCT284","Ryoma","7281","2025-03-12 07:45:40","public"
"ZCT284","Ryoma","7245","2025-03-12 07:47:18","public"
"ZCT284","Mortimer McMire","6701","2025-03-12 10:49:32","public"
"ZCT284","Mortimer McMire","6600","2025-03-12 11:31:52","public"
"ZCT284","Ryoma","7481","2025-03-12 14:43:09","public"
"ZCT284","Mortimer McMire","6413","2025-03-12 14:47:39","public"
"ZCT284","Ryoma","7713","2025-03-12 15:23:11","public"
"ZCT284","Ryoma","8018","2025-03-12 15:31:27","public"
"ZCT284","Duplode","9326","2025-03-13 01:25:44","public"
"ZCT284","Argammon","5940","2025-03-13 07:17:18","public"
"ZCT284","Spoonboy","6289","2025-03-13 10:40:08","public"
"ZCT284","Spoonboy","6180","2025-03-13 12:11:05","public"
"ZCT284","Mark Nailwood","9342","2025-03-13 13:28:12","public"
"ZCT284","Mark Nailwood","9180","2025-03-13 13:37:41","public"
"ZCT284","Mark Nailwood","9061","2025-03-13 14:23:40","public"
"ZCT284","Mark Nailwood","8393","2025-03-13 17:30:20","public"
"ZCT284","Mark Nailwood","8732","2025-03-13 18:11:27","public"
"ZCT284","Mark Nailwood","8435","2025-03-14 00:04:43","public"
"ZCT284","HerrNove","6570","2025-03-14 02:38:24","public"
"ZCT284","HerrNove","6395","2025-03-14 03:53:18","public"
"ZCT284","Ryoma","7074","2025-03-14 07:54:22","public"
"ZCT284","Ryoma","7083","2025-03-14 11:26:43","public"
"ZCT284","Ryoma","6863","2025-03-14 11:32:09","public"
"ZCT284","Ryoma","7153","2025-03-14 12:28:57","public"
"ZCT284","Mark Nailwood","6638","2025-03-14 15:07:33","public"
"ZCT284","Cas","7365","2025-03-14 18:04:13","public"
"ZCT284","HerrNove","6286","2025-03-14 22:21:31","public"
"ZCT284","Mark Nailwood","6338","2025-03-14 22:21:31","public"
"ZCT284","Alan Rotoi","5884","2025-03-14 22:38:18","public"
"ZCT284","Duplode","6174","2025-03-14 23:11:53","public"
"ZCT284","Mark Nailwood","6203","2025-03-15 01:52:26","public"
"ZCT284","HerrNove","6237","2025-03-15 02:25:37","public"
"ZCT284","HerrNove","6219","2025-03-15 03:37:06","public"
"ZCT284","HerrNove","6161","2025-03-15 23:48:45","public"
"ZCT284","HerrNove","6151","2025-03-16 02:42:08","public"
"ZCT284","Duplode","5831","2025-03-16 18:35:47","public"
"ZCT284","Alan Rotoi","5824","2025-03-18 22:33:07","public"
"ZCT284","Spoonboy","5970","2025-03-20 00:23:16","normal"
"ZCT284","Duplode","5813","2025-03-20 01:42:00","normal"
"ZCT284","KyLiE","5775","2025-03-20 03:14:28","normal"
"ZCT284","MiDiaN","5588","2025-03-20 04:39:26","normal"
"ZCT284","Argammon","5779","2025-03-20 07:06:53","normal"
"ZCT284","Mark Nailwood","6041","2025-03-20 22:57:47","normal"
"ZCT284","Alan Rotoi","5734","2025-03-21 20:36:19","normal"
"ZCT284","Argammon","5730","2025-03-21 21:15:12","normal"
"ZCT284","Alan Rotoi","5640","2025-03-21 23:25:49","normal"
"ZCT284","Cas","6907","2025-03-22 02:59:17","normal"
"ZCT284","Argammon","5636","2025-03-22 06:31:54","normal"
"ZCT284","Alan Rotoi","5606","2025-03-22 07:47:20","normal"
"ZCT284","Duplode","5554","2025-03-22 09:12:14","normal"
"ZCT284","Argammon","5584","2025-03-22 10:09:18","normal"
"ZCT284","MiDiaN","5546","2025-03-22 16:00:21","normal"
"ZCT284","MiDiaN","5539","2025-03-22 16:02:24","normal"
"ZCT284","Duplode","5524","2025-03-23 01:52:39","normal"
"ZCT284","Duplode","8759","2025-03-23 21:54:58","public"
"ZCT284","Duplode","8628","2025-03-23 23:57:35","public"
"ZCT284","Duplode","8512","2025-03-24 00:10:45","public"
"ZCT284","Zapper","6244","2025-03-27 17:01:08","normal"
"ZCT284","Zapper","6090","2025-03-27 17:16:26","normal"
"ZCT284","Zapper","6071","2025-03-27 17:26:59","normal"
"ZCT284","Zapper","6049","2025-03-27 17:37:23","normal"
"ZCT284","Ayrton C","7151","2025-03-29 07:13:22","public"
"ZCT284","Stingray86","9334","2025-03-30 00:52:17","public"
"ZCT284","Mortimer McMire","6401","2025-03-31 12:51:50","normal"
"ZCT284","Mortimer McMire","6397","2025-03-31 13:00:29","normal"
"ZCT284","satanziege","8963","2025-04-01 00:24:35","normal"
"ZCT284","Ayrton C","6968","2025-04-01 10:33:19","public"
"ZCT284","Alan Rotoi","6341","2025-04-02 02:27:58","normal"
"ZCT284","Alan Rotoi","6550","2025-04-02 02:43:32","normal"
"ZCT284","Argammon","4783","2025-04-04 07:22:57","quiet"
"ZCT284","Zapper","5993","2025-04-04 13:13:57","quiet"
"ZCT284","Spoonboy","5651","2025-04-04 15:02:59","quiet"
"ZCT284","Frieshansen","5618","2025-04-04 22:16:06","quiet"
"ZCT284","Argammon","4017","2025-04-05 07:28:57","quiet"
"ZCT284","KyLiE","5618","2025-04-05 13:00:19","quiet"
"ZCT284","KyLiE","6581","2025-04-05 13:02:22","quiet"
"ZCT284","KyLiE","6075","2025-04-05 13:02:57","quiet"
"ZCT284","Duplode","5471","2025-04-05 15:32:13","quiet"
"ZCT284","Duplode","5464","2025-04-05 15:52:10","quiet"
"ZCT284","Duplode","5434","2025-04-05 15:54:50","quiet"
"ZCT284","dstien","7740","2025-04-05 16:18:59","normal"
"ZCT284","Duplode","5430","2025-04-05 16:43:21","quiet"
"ZCT284","Duplode","5422","2025-04-05 17:23:25","quiet"
"ZCT284","Duplode","5411","2025-04-05 17:28:39","quiet"
"ZCT284","Erik Barros","6604","2025-04-05 19:13:04","quiet"
"ZCT284","Duplode","5999","2025-04-05 21:08:45","normal"
"ZCT284","Duplode","7368","2025-04-05 21:11:52","quiet"
"ZCT284","Duplode","6360","2025-04-05 21:37:27","normal"
"ZCT284","Duplode","6110","2025-04-05 22:35:41","normal"
"ZCT284","afullo","8925","2025-04-05 23:00:40","quiet"
"ZCT284","Duplode","6265","2025-04-05 23:05:57","normal"
"ZCT284","Duplode","6256","2025-04-05 23:23:58","normal"
"ZCT284","Overdrijf","6570","2025-04-05 23:39:26","quiet"
"ZCT284","Duplode","8458","2025-04-05 23:58:27","public"
"ZCT285","Mortimer McMire","9072","2025-04-06 20:09:10","public"
"ZCT285","Cas","9509","2025-04-06 21:42:56","public"
"ZCT285","Argammon","8895","2025-04-06 22:42:32","public"
"ZCT285","Duplode","9439","2025-04-07 00:53:50","public"
"ZCT285","HerrNove","8805","2025-04-07 00:59:26","public"
"ZCT285","HerrNove","8564","2025-04-07 01:20:22","public"
"ZCT285","HerrNove","15274","2025-04-07 01:52:04","public"
"ZCT285","Erik Barros","9894","2025-04-07 02:49:28","public"
"ZCT285","HerrNove","8536","2025-04-07 03:00:44","public"
"ZCT285","Mark Nailwood","8951","2025-04-07 09:22:04","public"
"ZCT285","Argammon","7853","2025-04-07 09:29:19","public"
"ZCT285","Mortimer McMire","8879","2025-04-07 09:49:55","public"
"ZCT285","Ayrton C","9720","2025-04-07 13:00:14","public"
"ZCT285","Stingray86","51505","2025-04-07 13:46:02","public"
"ZCT285","HerrNove","8334","2025-04-07 22:06:00","public"
"ZCT285","KyLiE","7812","2025-04-08 02:12:35","public"
"ZCT285","HerrNove","8186","2025-04-08 02:46:19","public"
"ZCT285","Ayrton C","9391","2025-04-08 03:13:12","public"
"ZCT285","Argammon","7681","2025-04-08 07:23:54","public"
"ZCT285","MiDiaN","7995","2025-04-08 12:37:22","public"
"ZCT285","Mark Nailwood","11228","2025-04-08 12:47:30","public"
"ZCT285","Mark Nailwood","11052","2025-04-08 13:36:11","public"
"ZCT285","Spoonboy","8123","2025-04-08 21:53:31","public"
"ZCT285","Mark Nailwood","8636","2025-04-08 23:41:53","public"
"ZCT285","HerrNove","8082","2025-04-09 01:03:39","public"
"ZCT285","dreadnaut","8974","2025-04-09 01:03:41","public"
"ZCT285","HerrNove","7983","2025-04-09 01:54:45","public"
"ZCT285","HerrNove","7880","2025-04-09 02:20:10","public"
"ZCT285","HerrNove","7803","2025-04-09 02:36:42","public"
"ZCT285","HerrNove","7731","2025-04-09 03:16:06","public"
"ZCT285","KyLiE","7709","2025-04-09 07:28:50","public"
"ZCT285","Frieshansen","8472","2025-04-09 20:37:58","public"
"ZCT285","HerrNove","7713","2025-04-10 03:56:48","public"
"ZCT285","Duplode","8165","2025-04-10 11:34:40","public"
"ZCT285","Mark Nailwood","8614","2025-04-10 12:02:59","public"
"ZCT285","Mortimer McMire","8793","2025-04-10 12:10:54","public"
"ZCT285","Mark Nailwood","8468","2025-04-10 12:17:37","public"
"ZCT285","MiDiaN","7676","2025-04-10 12:25:37","public"
"ZCT285","Mortimer McMire","8786","2025-04-10 14:02:19","public"
"ZCT285","Mortimer McMire","8738","2025-04-10 14:14:53","public"
"ZCT285","Argammon","7655","2025-04-10 14:47:13","public"
"ZCT285","Mortimer McMire","8730","2025-04-10 16:15:11","public"
"ZCT285","Mortimer McMire","8708","2025-04-10 16:48:43","public"
"ZCT285","MiDiaN","7519","2025-04-11 12:05:49","public"
"ZCT285","MiDiaN","7511","2025-04-11 16:10:29","public"
"ZCT285","Mortimer McMire","8647","2025-04-11 16:21:57","public"
"ZCT285","Mortimer McMire","8580","2025-04-11 16:24:44","public"
"ZCT285","Duplode","7843","2025-04-12 01:11:04","public"
"ZCT285","HerrNove","7709","2025-04-12 02:22:58","public"
"ZCT285","HerrNove","7700","2025-04-12 02:59:42","public"
"ZCT285","Mortimer McMire","8565","2025-04-12 11:18:06","public"
"ZCT285","Mortimer McMire","8554","2025-04-12 11:37:54","public"
"ZCT285","HerrNove","7691","2025-04-12 16:25:55","public"
"ZCT285","Spoonboy","8032","2025-04-13 00:53:13","public"
"ZCT285","Duplode","12694","2025-04-14 01:21:27","public"
"ZCT285","Duplode","10741","2025-04-14 02:22:49","public"
"ZCT285","Alan Rotoi","8323","2025-04-14 04:54:46","public"
"ZCT285","Argammon","7504","2025-04-17 07:41:03","normal"
"ZCT285","Duplode","7605","2025-04-17 12:35:10","normal"
"ZCT285","MiDiaN","7400","2025-04-17 15:05:11","normal"
"ZCT285","Argammon","7395","2025-04-17 17:48:21","normal"
"ZCT285","Frieshansen","8237","2025-04-19 19:17:05","normal"
"ZCT285","MiDiaN","7185","2025-04-20 11:45:06","normal"
"ZCT285","Argammon","7183","2025-04-20 13:45:41","normal"
"ZCT285","MiDiaN","7181","2025-04-20 18:29:37","normal"
"ZCT285","Argammon","7180","2025-04-20 19:30:46","normal"
"ZCT285","MiDiaN","7164","2025-04-20 19:32:25","normal"
"ZCT285","Argammon","7154","2025-04-20 19:35:09","normal"
"ZCT285","MiDiaN","7142","2025-04-20 19:36:46","normal"
"ZCT285","Argammon","7136","2025-04-20 19:38:09","normal"
"ZCT285","MiDiaN","7134","2025-04-20 19:41:02","normal"
"ZCT285","Argammon","7132","2025-04-20 19:44:29","normal"
"ZCT285","Stingray86","13111","2025-04-21 12:47:19","public"
"ZCT285","MiDiaN","6927","2025-04-21 22:44:06","normal"
"ZCT285","Shoegazing Leo","11462","2025-04-21 23:16:18","normal"
"ZCT285","Shoegazing Leo","9886","2025-04-21 23:23:53","normal"
"ZCT285","Shoegazing Leo","9342","2025-04-21 23:27:24","normal"
"ZCT285","Argammon","6923","2025-04-22 07:22:00","normal"
"ZCT285","MiDiaN","6914","2025-04-22 09:47:41","normal"
"ZCT285","Argammon","6910","2025-04-22 12:11:09","normal"
"ZCT285","dreadnaut","8703","2025-04-23 22:28:18","normal"
"ZCT285","dreadnaut","11875","2025-04-23 23:01:28","public"
"ZCT285","afullo","11889","2025-04-24 11:36:40","normal"
"ZCT285","Zapper","8040","2025-04-24 12:09:01","normal"
"ZCT285","Zapper","8139","2025-04-24 12:26:26","normal"
"ZCT285","Mortimer McMire","8528","2025-04-24 20:13:01","normal"
"ZCT285","Mortimer McMire","8406","2025-04-24 20:22:50","normal"
"ZCT285","Mortimer McMire","8348","2025-04-24 21:25:01","normal"
"ZCT285","MiDiaN","6910","2025-04-26 22:39:02","normal"
"ZCT285","Cas","9126","2025-04-28 22:49:51","normal"
"ZCT285","Cas","9005","2025-04-28 23:32:24","normal"
"ZCT285","Spoonboy","8986","2025-04-29 14:53:21","normal"
"ZCT285","Duplode","7009","2025-05-02 02:38:12","quiet"
"ZCT285","Argammon","6454","2025-05-02 08:23:21","quiet"
"ZCT285","Mark Nailwood","8348","2025-05-02 11:06:56","normal"
"ZCT285","Mark Nailwood","8344","2025-05-02 11:08:34","normal"
"ZCT285","Mark Nailwood","8314","2025-05-02 11:25:18","normal"
"ZCT285","KyLiE","8092","2025-05-02 16:58:37","quiet"
"ZCT285","KyLiE","6949","2025-05-02 17:00:26","quiet"
"ZCT285","Spoonboy","7781","2025-05-03 00:57:38","quiet"
"ZCT285","Duplode","6566","2025-05-03 03:56:02","quiet"
"ZCT285","Mortimer McMire","8285","2025-05-03 10:35:39","quiet"
"ZCT285","Mortimer McMire","8226","2025-05-03 14:24:55","quiet"
"ZCT285","Duplode","8049","2025-05-03 16:16:00","normal"
"ZCT285","dstien","9324","2025-05-03 16:28:59","normal"
"ZCT285","Duplode","7938","2025-05-03 17:29:45","normal"
"ZCT285","Argammon","6042","2025-05-03 19:13:10","quiet"
"ZCT285","Duplode","7924","2025-05-03 19:29:16","normal"
"ZCT285","Duplode","8870","2025-05-03 20:15:25","normal"
"ZCT285","Duplode","8275","2025-05-03 20:19:10","quiet"
"ZCT285","Duplode","8611","2025-05-03 20:40:22","normal"
"ZCT285","Duplode","8651","2025-05-03 20:55:42","normal"
"ZCT285","Duplode","8852","2025-05-03 21:21:09","normal"
"ZCT285","Duplode","8551","2025-05-03 21:56:53","normal"
"ZCT285","Argammon","6016","2025-05-03 23:04:52","quiet"
"ZCT285","Argammon","6979","2025-05-03 23:06:49","normal"
"ZCT285","Duplode","8816","2025-05-03 23:36:24","normal"
"ZCT285","Frieshansen","7297","2025-05-03 23:56:49","quiet"
"ZCT285","Duplode","6510","2025-05-03 23:58:29","quiet"
"ZCT286","KyLiE","5027","2025-05-05 01:10:42","public"
"ZCT286","Duplode","5388","2025-05-05 03:00:23","public"
"ZCT286","Mortimer McMire","6525","2025-05-05 09:58:11","public"
"ZCT286","Mortimer McMire","5601","2025-05-05 10:12:04","public"
"ZCT286","Mortimer McMire","6021","2025-05-05 10:19:51","public"
"ZCT286","Mortimer McMire","5588","2025-05-05 10:47:13","public"
"ZCT286","Mortimer McMire","5499","2025-05-05 10:56:53","public"
"ZCT286","Mortimer McMire","5439","2025-05-05 11:09:56","public"
"ZCT286","Mortimer McMire","5385","2025-05-05 11:21:52","public"
"ZCT286","Mortimer McMire","5375","2025-05-05 11:26:10","public"
"ZCT286","Argammon","5123","2025-05-05 13:05:45","public"
"ZCT286","Mortimer McMire","5314","2025-05-05 13:57:34","public"
"ZCT286","Mortimer McMire","5229","2025-05-05 14:43:46","public"
"ZCT286","Mortimer McMire","5084","2025-05-05 15:28:46","public"
"ZCT286","Argammon","4931","2025-05-05 15:42:12","public"
"ZCT286","Cas","5751","2025-05-05 19:10:47","public"
"ZCT286","Frieshansen","5420","2025-05-05 20:17:20","public"
"ZCT286","KyLiE","5024","2025-05-05 22:16:31","public"
"ZCT286","MiDiaN","4761","2025-05-05 22:26:32","public"
"ZCT286","MiDiaN","4712","2025-05-05 22:40:09","public"
"ZCT286","dreadnaut","5423","2025-05-05 23:59:55","public"
"ZCT286","Stingray86","6730","2025-05-06 14:16:57","public"
"ZCT286","KyLiE","4917","2025-05-06 14:56:35","public"
"ZCT286","KyLiE","4807","2025-05-06 15:00:40","public"
"ZCT286","Mortimer McMire","5230","2025-05-06 21:43:25","public"
"ZCT286","Mark Nailwood","6464","2025-05-06 23:47:25","public"
"ZCT286","Mark Nailwood","5948","2025-05-06 23:58:16","public"
"ZCT286","Erik Barros","5565","2025-05-07 02:59:18","public"
"ZCT286","Erik Barros","5593","2025-05-07 03:44:16","public"
"ZCT286","Erik Barros","5236","2025-05-07 03:53:55","public"
"ZCT286","Erik Barros","5229","2025-05-07 04:07:59","public"
"ZCT286","Mortimer McMire","5065","2025-05-07 10:19:55","public"
"ZCT286","Mortimer McMire","5046","2025-05-07 11:38:33","public"
"ZCT286","KyLiE","4704","2025-05-07 13:36:14","public"
"ZCT286","Mortimer McMire","4993","2025-05-07 13:43:13","public"
"ZCT286","Mortimer McMire","4951","2025-05-07 14:07:13","public"
"ZCT286","Mortimer McMire","4932","2025-05-07 19:23:49","public"
"ZCT286","Mortimer McMire","4929","2025-05-07 19:27:33","public"
"ZCT286","Argammon","4931","2025-05-07 20:40:08","public"
"ZCT286","Argammon","4890","2025-05-07 20:43:38","public"
"ZCT286","Mortimer McMire","4887","2025-05-07 21:50:37","public"
"ZCT286","Argammon","4659","2025-05-07 22:55:48","public"
"ZCT286","Spoonboy","5219","2025-05-08 23:12:25","public"
"ZCT286","Cas","5548","2025-05-09 19:29:51","public"
"ZCT286","Cas","5438","2025-05-09 19:33:39","public"
"ZCT286","Cas","5385","2025-05-09 19:40:11","public"
"ZCT286","HerrNove","6332","2025-05-09 22:22:48","public"
"ZCT286","HerrNove","5381","2025-05-09 22:56:47","public"
"ZCT286","HerrNove","5164","2025-05-09 23:35:37","public"
"ZCT286","Spoonboy","5388","2025-05-09 23:50:17","public"
"ZCT286","HerrNove","5100","2025-05-10 04:17:50","public"
"ZCT286","Ayrton C","5865","2025-05-10 06:30:23","public"
"ZCT286","Spoonboy","5024","2025-05-10 23:33:22","public"
"ZCT286","HerrNove","5020","2025-05-11 05:11:07","public"
"ZCT286","HerrNove","4906","2025-05-11 05:31:19","public"
"ZCT286","HerrNove","4883","2025-05-11 12:53:56","public"
"ZCT286","HerrNove","4864","2025-05-11 16:27:58","public"
"ZCT286","HerrNove","7117","2025-05-11 16:41:28","public"
"ZCT286","Mark Nailwood","5366","2025-05-12 10:18:25","public"
"ZCT286","dreadnaut","5343","2025-05-12 20:04:49","public"
"ZCT286","Duplode","4812","2025-05-14 04:44:45","public"
"ZCT286","Duplode","4798","2025-05-15 00:55:35","normal"
"ZCT286","HerrNove","4818","2025-05-15 02:20:21","normal"
"ZCT286","Duplode","4777","2025-05-15 02:36:08","normal"
"ZCT286","MiDiaN","4556","2025-05-15 04:38:48","normal"
"ZCT286","Spoonboy","4841","2025-05-15 08:52:46","normal"
"ZCT286","Zapper","4997","2025-05-15 13:54:47","normal"
"ZCT286","Zapper","4837","2025-05-15 14:03:36","normal"
"ZCT286","Alan Rotoi","4927","2025-05-15 23:36:11","normal"
"ZCT286","HerrNove","4799","2025-05-16 02:22:46","normal"
"ZCT286","Cas","5347","2025-05-16 16:24:21","normal"
"ZCT286","MiDiaN","4771","2025-05-18 18:20:38","normal"
"ZCT286","Shoegazing Leo","6816","2025-05-19 03:16:25","normal"
"ZCT286","Shoegazing Leo","6048","2025-05-19 03:19:28","normal"
"ZCT286","Shoegazing Leo","5502","2025-05-19 03:24:51","normal"
"ZCT286","Shoegazing Leo","5594","2025-05-19 03:27:10","normal"
"ZCT286","Shoegazing Leo","5460","2025-05-19 03:35:45","normal"
"ZCT286","Shoegazing Leo","5322","2025-05-19 03:41:41","normal"
"ZCT286","HerrNove","4769","2025-05-22 02:34:13","normal"
"ZCT286","HerrNove","4765","2025-05-23 02:15:38","normal"
"ZCT286","Duplode","4554","2025-05-23 04:35:26","normal"
"ZCT286","Spoonboy","5494","2025-05-27 14:14:38","normal"
"ZCT286","Spoonboy","5367","2025-05-27 14:47:22","normal"
"ZCT286","Spoonboy","5194","2025-05-27 17:11:17","normal"
"ZCT286","Stingray86","6463","2025-05-29 14:13:52","public"
"ZCT286","Spoonboy","5870","2025-05-29 23:46:31","public"
"ZCT286","Spoonboy","5924","2025-05-29 23:47:25","public"
"ZCT286","Spoonboy","5724","2025-05-29 23:48:04","public"
"ZCT286","Argammon","4423","2025-05-30 08:06:21","quiet"
"ZCT286","MiDiaN","4444","2025-05-30 08:15:10","quiet"
"ZCT286","HerrNove","4689","2025-05-30 11:23:26","quiet"
"ZCT286","Mortimer McMire","7026","2025-05-30 11:45:03","public"
"ZCT286","Mark Nailwood","5267","2025-05-30 13:05:53","normal"
"ZCT286","Mortimer McMire","6095","2025-05-30 19:21:44","public"
"ZCT286","Mortimer McMire","4883","2025-05-30 19:52:20","quiet"
"ZCT286","Overdrijf","4697","2025-05-30 21:45:14","quiet"
"ZCT286","Mark Nailwood","5046","2025-05-31 01:45:54","quiet"
"ZCT286","Mark Nailwood","5980","2025-05-31 01:53:38","public"
"ZCT286","Mark Nailwood","5699","2025-05-31 02:01:12","public"
"ZCT286","Frieshansen","5032","2025-05-31 07:18:10","quiet"
"ZCT286","Duplode","4733","2025-05-31 07:52:25","quiet"
"ZCT286","Duplode","4513","2025-05-31 07:52:38","quiet"
"ZCT286","Spoonboy","4733","2025-05-31 10:42:34","quiet"
"ZCT286","Mortimer McMire","4834","2025-05-31 12:48:10","quiet"
"ZCT286","Mortimer McMire","4826","2025-05-31 12:55:54","quiet"
"ZCT286","Duplode","5295","2025-05-31 14:23:32","public"
"ZCT286","Duplode","5326","2025-05-31 14:26:21","normal"
"ZCT286","Duplode","5123","2025-05-31 14:26:44","normal"
"ZCT286","Duplode","5096","2025-05-31 14:41:22","normal"
"ZCT286","Duplode","5068","2025-05-31 14:55:22","normal"
"ZCT286","dstien","6440","2025-05-31 16:53:30","normal"
"ZCT286","KyLiE","4655","2025-05-31 18:05:27","quiet"
"ZCT286","Cas","5335","2025-05-31 19:48:23","quiet"
"ZCT286","Cas","5202","2025-05-31 20:05:17","quiet"
"ZCT286","Spoonboy","5485","2025-05-31 23:30:15","public"
"ZCT286","Mark Nailwood","5042","2025-05-31 23:52:13","normal"
"ZCT286","Mark Nailwood","5023","2025-05-31 23:54:46","normal"
"ZCT287","Shoegazing Leo","13318","2025-06-02 00:48:26","public"
"ZCT287","Shoegazing Leo","12281","2025-06-02 00:54:34","public"
"ZCT287","Shoegazing Leo","11457","2025-06-02 01:00:04","public"
"ZCT287","HerrNove","10962","2025-06-02 01:12:01","public"
"ZCT287","HerrNove","18641","2025-06-02 01:34:24","public"
"ZCT287","HerrNove","10485","2025-06-02 01:49:32","public"
"ZCT287","Mortimer McMire","12510","2025-06-02 08:29:09","public"
"ZCT287","Mortimer McMire","11570","2025-06-02 08:49:56","public"
"ZCT287","Mortimer McMire","11196","2025-06-02 08:58:21","public"
"ZCT287","Mark Nailwood","11129","2025-06-02 13:00:17","public"
"ZCT287","Zapper","11808","2025-06-02 13:09:56","public"
"ZCT287","Mark Nailwood","11072","2025-06-02 13:12:56","public"
"ZCT287","Zapper","11617","2025-06-02 13:14:49","public"
"ZCT287","Mortimer McMire","10778","2025-06-02 13:14:55","public"
"ZCT287","Zapper","11081","2025-06-02 13:20:18","public"
"ZCT287","Mortimer McMire","10440","2025-06-02 13:24:32","public"
"ZCT287","Zapper","10787","2025-06-02 13:24:46","public"
"ZCT287","HerrNove","10400","2025-06-02 14:45:42","public"
"ZCT287","Mortimer McMire","10400","2025-06-02 14:51:34","public"
"ZCT287","Mortimer McMire","10386","2025-06-02 14:57:58","public"
"ZCT287","HerrNove","9837","2025-06-02 15:06:09","public"
"ZCT287","Zapper","10436","2025-06-02 16:57:02","public"
"ZCT287","Zapper","10256","2025-06-02 17:36:14","public"
"ZCT287","Overdrijf","11212","2025-06-02 19:13:28","public"
"ZCT287","Overdrijf","9738","2025-06-02 19:13:59","public"
"ZCT287","Overdrijf","9513","2025-06-02 19:14:26","public"
"ZCT287","Overdrijf","10131","2025-06-02 19:14:48","public"
"ZCT287","Cas","11223","2025-06-02 20:37:07","public"
"ZCT287","Mark Nailwood","9797","2025-06-02 23:29:05","public"
"ZCT287","HerrNove","9477","2025-06-03 00:42:52","public"
"ZCT287","HerrNove","9419","2025-06-03 00:54:47","public"
"ZCT287","HerrNove","9324","2025-06-03 01:12:54","public"
"ZCT287","HerrNove","9257","2025-06-03 03:08:04","public"
"ZCT287","KyLiE","9171","2025-06-03 14:30:21","public"
"ZCT287","Alan Rotoi","12655","2025-06-03 20:00:40","public"
"ZCT287","Spoonboy","9576","2025-06-04 00:26:42","public"
"ZCT287","HerrNove","9167","2025-06-04 01:10:35","public"
"ZCT287","HerrNove","9113","2025-06-04 01:15:34","public"
"ZCT287","HerrNove","9045","2025-06-04 02:52:07","public"
"ZCT287","HerrNove","9027","2025-06-04 03:37:05","public"
"ZCT287","KyLiE","8982","2025-06-04 05:50:38","public"
"ZCT287","Mortimer McMire","10116","2025-06-04 14:21:34","public"
"ZCT287","Mortimer McMire","10089","2025-06-04 15:33:18","public"
"ZCT287","Mark Nailwood","9675","2025-06-04 22:29:45","public"
"ZCT287","HerrNove","8969","2025-06-04 23:21:55","public"
"ZCT287","HerrNove","8937","2025-06-05 00:10:59","public"
"ZCT287","HerrNove","8928","2025-06-05 00:37:10","public"
"ZCT287","HerrNove","8924","2025-06-05 01:37:17","public"
"ZCT287","KyLiE","8897","2025-06-05 01:50:35","public"
"ZCT287","Duplode","15920","2025-06-06 05:12:23","public"
"ZCT287","afullo","11943","2025-06-07 22:22:56","public"
"ZCT287","Duplode","9378","2025-06-08 14:37:46","public"
"ZCT287","Duplode","8919","2025-06-08 17:30:30","public"
"ZCT287","Duplode","8901","2025-06-08 17:38:46","public"
"ZCT287","Duplode","8892","2025-06-08 17:54:34","public"
"ZCT287","Mortimer McMire","10085","2025-06-08 19:54:39","public"
"ZCT287","Mortimer McMire","10040","2025-06-08 20:00:20","public"
"ZCT287","MiDiaN","19338","2025-06-10 21:03:37","public"
"ZCT287","Argammon","9472","2025-06-10 21:57:02","public"
"ZCT287","Duplode","9612","2025-06-11 23:59:04","public"
"ZCT287","Argammon","8883","2025-06-12 06:07:59","normal"
"ZCT287","Stingray86","15738","2025-06-12 14:07:48","public"
"ZCT287","MiDiaN","8741","2025-06-12 15:50:13","normal"
"ZCT287","Argammon","8736","2025-06-12 16:03:39","normal"
"ZCT287","MiDiaN","8731","2025-06-12 16:13:34","normal"
"ZCT287","Argammon","8730","2025-06-12 16:35:02","normal"
"ZCT287","MiDiaN","8727","2025-06-12 16:49:48","normal"
"ZCT287","Argammon","8723","2025-06-12 17:34:43","normal"
"ZCT287","MiDiaN","8704","2025-06-12 20:12:45","normal"
"ZCT287","Argammon","8698","2025-06-12 21:50:19","normal"
"ZCT287","MiDiaN","8672","2025-06-12 21:52:23","normal"
"ZCT287","Argammon","8666","2025-06-12 22:32:19","normal"
"ZCT287","Duplode","8570","2025-06-13 02:11:57","normal"
"ZCT287","MiDiaN","8563","2025-06-13 04:38:34","normal"
"ZCT287","Argammon","8563","2025-06-13 09:24:42","normal"
"ZCT287","dreadnaut","11470","2025-06-13 22:51:19","normal"
"ZCT287","Duplode","8531","2025-06-14 00:38:28","normal"
"ZCT287","Argammon","8557","2025-06-15 09:00:10","normal"
"ZCT287","MiDiaN","8544","2025-06-15 13:46:18","normal"
"ZCT287","MiDiaN","8531","2025-06-15 14:35:01","normal"
"ZCT287","MiDiaN","8525","2025-06-15 15:30:34","normal"
"ZCT287","Frieshansen","11720","2025-06-15 16:46:53","normal"
"ZCT287","Duplode","8486","2025-06-15 16:49:24","normal"
"ZCT287","MiDiaN","8480","2025-06-15 16:50:52","normal"
"ZCT287","Duplode","8480","2025-06-15 16:53:52","normal"
"ZCT287","Duplode","8467","2025-06-15 17:28:50","normal"
"ZCT287","MiDiaN","8467","2025-06-15 21:30:36","normal"
"ZCT287","MiDiaN","8461","2025-06-16 08:36:22","normal"
"ZCT287","MiDiaN","8513","2025-06-16 12:37:21","normal"
"ZCT287","Zapper","9347","2025-06-17 16:44:24","normal"
"ZCT287","Zapper","9171","2025-06-17 17:13:47","normal"
"ZCT287","Zapper","9757","2025-06-17 19:44:30","normal"
"ZCT287","Zapper","9536","2025-06-17 19:52:17","normal"
"ZCT287","Zapper","10170","2025-06-17 20:06:58","normal"
"ZCT287","Zapper","10362","2025-06-17 20:11:56","normal"
"ZCT287","Zapper","15456","2025-06-17 20:48:42","public"
"ZCT287","Alan Rotoi","9752","2025-06-18 20:58:25","normal"
"ZCT287","Duplode","15670","2025-06-21 16:53:47","public"
"ZCT287","Duplode","15566","2025-06-21 16:59:35","public"
"ZCT287","Duplode","15465","2025-06-21 17:05:00","public"
"ZCT287","Cas","10881","2025-06-22 21:24:08","normal"
"ZCT287","Cas","10359","2025-06-22 21:36:28","normal"
"ZCT287","Duplode","15434","2025-06-23 13:34:35","public"
"ZCT287","Duplode","12046","2025-06-23 14:00:12","public"
"ZCT287","Argammon","8454","2025-06-24 23:09:26","normal"
"ZCT287","MiDiaN","8445","2025-06-25 05:02:20","normal"
"ZCT287","Frieshansen","9626","2025-06-25 20:05:17","normal"
"ZCT287","Mortimer McMire","9464","2025-06-26 12:52:25","normal"
"ZCT287","Duplode","9043","2025-06-27 01:33:41","quiet"
"ZCT287","Duplode","8709","2025-06-27 01:34:05","quiet"
"ZCT287","Duplode","8403","2025-06-27 01:34:23","quiet"
"ZCT287","dstien","11696","2025-06-27 06:06:23","normal"
"ZCT287","MiDiaN","8403","2025-06-27 08:06:36","quiet"
"ZCT287","HerrNove","26925","2025-06-27 11:49:33","public"
"ZCT287","Mortimer McMire","8996","2025-06-27 12:22:45","quiet"
"ZCT287","HerrNove","8910","2025-06-27 18:07:52","quiet"
"ZCT287","Spoonboy","9843","2025-06-28 00:22:32","quiet"
"ZCT287","Argammon","8156","2025-06-28 10:32:41","quiet"
"ZCT287","dreadnaut","8704","2025-06-28 11:59:28","quiet"
"ZCT287","KyLiE","8412","2025-06-28 14:18:30","quiet"
"ZCT287","Duplode","8834","2025-06-28 17:22:41","quiet"
"ZCT287","Duplode","8299","2025-06-28 17:25:33","quiet"
"ZCT287","Erik Barros","10107","2025-06-28 21:52:15","normal"
"ZCT287","Overdrijf","8749","2025-06-28 22:58:48","quiet"
"ZCT287","Overdrijf","10354","2025-06-28 23:12:25","public"
"ZCT288","Mortimer McMire","11418","2025-06-29 18:25:21","public"
"ZCT288","Shoegazing Leo","10584","2025-06-29 18:36:23","public"
"ZCT288","Shoegazing Leo","8477","2025-06-29 18:40:02","public"
"ZCT288","Mortimer McMire","8594","2025-06-29 18:59:44","public"
"ZCT288","Mortimer McMire","8535","2025-06-29 19:14:26","public"
"ZCT288","Overdrijf","7709","2025-06-29 19:21:06","public"
"ZCT288","Mortimer McMire","8198","2025-06-29 19:23:19","public"
"ZCT288","Mortimer McMire","8202","2025-06-29 19:49:19","public"
"ZCT288","Mortimer McMire","8174","2025-06-29 19:59:12","public"
"ZCT288","Alain","8681","2025-06-29 20:22:47","public"
"ZCT288","Alan Rotoi","8117","2025-06-29 20:48:58","public"
"ZCT288","Alain","8374","2025-06-29 20:52:55","public"
"ZCT288","dreadnaut","8256","2025-06-29 21:40:20","public"
"ZCT288","dreadnaut","8197","2025-06-29 21:50:15","public"
"ZCT288","Alain","8127","2025-06-29 22:45:07","public"
"ZCT288","HerrNove","7687","2025-06-30 00:32:02","public"
"ZCT288","HerrNove","7484","2025-06-30 00:58:47","public"
"ZCT288","HerrNove","11220","2025-06-30 01:07:13","public"
"ZCT288","HerrNove","7411","2025-06-30 01:31:00","public"
"ZCT288","HerrNove","7369","2025-06-30 02:15:35","public"
"ZCT288","HerrNove","7319","2025-06-30 03:27:40","public"
"ZCT288","Duplode","8417","2025-06-30 05:05:41","public"
"ZCT288","Overdrijf","7560","2025-06-30 06:17:31","public"
"ZCT288","Spoonboy","7622","2025-06-30 12:10:53","public"
"ZCT288","Mortimer McMire","7742","2025-06-30 13:26:41","public"
"ZCT288","KyLiE","7231","2025-06-30 13:28:23","public"
"ZCT288","Mortimer McMire","7700","2025-06-30 13:34:16","public"
"ZCT288","HerrNove","7217","2025-07-01 01:53:09","public"
"ZCT288","HerrNove","7204","2025-07-01 02:06:40","public"
"ZCT288","HerrNove","7148","2025-07-01 02:56:19","public"
"ZCT288","Erik Barros","7553","2025-07-01 03:11:46","public"
"ZCT288","Ryoma","8427","2025-07-01 07:31:36","public"
"ZCT288","Ryoma","8124","2025-07-01 14:37:11","public"
"ZCT288","Alain","9319","2025-07-01 19:21:55","public"
"ZCT288","HerrNove","7116","2025-07-01 22:45:04","public"
"ZCT288","HerrNove","7107","2025-07-01 22:56:39","public"
"ZCT288","Alain","7645","2025-07-01 23:43:18","public"
"ZCT288","Alain","7539","2025-07-01 23:58:07","public"
"ZCT288","Shoegazing Leo","8312","2025-07-02 02:50:42","public"
"ZCT288","Shoegazing Leo","8289","2025-07-02 02:58:08","public"
"ZCT288","Mortimer McMire","7498","2025-07-02 10:16:57","public"
"ZCT288","Mortimer McMire","7429","2025-07-02 16:22:22","public"
"ZCT288","Mortimer McMire","7424","2025-07-02 16:42:25","public"
"ZCT288","Ryoma","7944","2025-07-03 07:49:30","public"
"ZCT288","Ryoma","7866","2025-07-03 13:09:37","public"
"ZCT288","Spoonboy","7388","2025-07-04 00:09:12","public"
"ZCT288","Mark Nailwood","7728","2025-07-04 16:05:04","public"
"ZCT288","Mark Nailwood","7705","2025-07-04 16:12:47","public"
"ZCT288","Alain","7342","2025-07-04 18:12:18","public"
"ZCT288","Alain","7245","2025-07-04 22:41:23","public"
"ZCT288","Alain","7222","2025-07-05 08:02:32","public"
"ZCT288","Alain","7185","2025-07-05 08:22:50","public"
"ZCT288","Alain","7102","2025-07-05 11:14:29","public"
"ZCT288","HerrNove","6987","2025-07-05 11:33:01","public"
"ZCT288","Alain","7084","2025-07-05 12:48:52","public"
"ZCT288","Alain","10318","2025-07-05 17:06:01","public"
"ZCT288","Alain","7038","2025-07-05 17:25:11","public"
"ZCT288","HerrNove","6941","2025-07-05 17:38:18","public"
"ZCT288","Spoonboy","8685","2025-07-05 17:52:32","public"
"ZCT288","Alain","8818","2025-07-05 21:38:52","public"
"ZCT288","Duplode","8202","2025-07-06 05:36:22","public"
"ZCT288","Alain","8505","2025-07-06 12:19:01","public"
"ZCT288","Duplode","7440","2025-07-06 18:26:08","public"
"ZCT288","Duplode","7642","2025-07-06 18:36:58","public"
"ZCT288","Duplode","7538","2025-07-06 18:38:46","public"
"ZCT288","Frieshansen","8304","2025-07-06 19:23:10","public"
"ZCT288","Duplode","7006","2025-07-07 02:42:48","public"
"ZCT288","Alain","8464","2025-07-07 14:06:36","public"
"ZCT288","Alain","7029","2025-07-07 14:57:35","public"
"ZCT288","Alain","8257","2025-07-07 17:17:46","public"
"ZCT288","HunterBoy344","13041","2025-07-08 05:17:01","public"
"ZCT288","Mark Nailwood","7544","2025-07-08 12:18:54","public"
"ZCT288","Alain","8252","2025-07-08 13:03:55","public"
"ZCT288","Mortimer McMire","7457","2025-07-08 15:44:38","public"
"ZCT288","Mortimer McMire","7378","2025-07-08 16:56:59","public"
"ZCT288","HunterBoy344","8841","2025-07-08 17:06:26","public"
"ZCT288","Alain","8202","2025-07-08 17:49:07","public"
"ZCT288","Mortimer McMire","7273","2025-07-08 18:44:44","public"
"ZCT288","HunterBoy344","8464","2025-07-08 19:53:55","public"
"ZCT288","Mortimer McMire","7254","2025-07-08 22:12:58","public"
"ZCT288","dreadnaut","7710","2025-07-08 22:49:29","public"
"ZCT288","HunterBoy344","8354","2025-07-09 00:27:31","public"
"ZCT288","HunterBoy344","8206","2025-07-09 00:41:48","public"
"ZCT288","Mortimer McMire","7231","2025-07-09 09:06:36","public"
"ZCT288","Ryoma","7742","2025-07-09 12:08:05","public"
"ZCT288","Alain","8114","2025-07-09 14:30:26","public"
"ZCT288","Duplode","7880","2025-07-09 15:47:11","public"
"ZCT288","Alecu","9518","2025-07-09 19:33:27","public"
"ZCT288","MiDiaN","6928","2025-07-10 00:04:13","normal"
"ZCT288","Raskolnikovik","9176","2025-07-10 01:07:24","public"
"ZCT288","Stingray86","9887","2025-07-10 06:56:03","public"
"ZCT288","Ryoma","7677","2025-07-10 12:11:48","normal"
"ZCT288","Ryoma","7650","2025-07-10 12:16:50","normal"
"ZCT288","Ryoma","8316","2025-07-10 12:31:00","public"
"ZCT288","Alain","8050","2025-07-10 20:56:54","public"
"ZCT288","Mortimer McMire","7213","2025-07-10 21:16:19","normal"
"ZCT288","Mortimer McMire","7190","2025-07-10 22:13:20","normal"
"ZCT288","Duplode","6808","2025-07-10 23:01:11","normal"
"ZCT288","MiDiaN","6803","2025-07-11 00:06:29","normal"
"ZCT288","dreadnaut","7466","2025-07-11 01:38:09","normal"
"ZCT288","dreadnaut","7383","2025-07-11 01:51:16","normal"
"ZCT288","Ryoma","7627","2025-07-11 08:24:48","normal"
"ZCT288","Mortimer McMire","7167","2025-07-11 13:50:14","normal"
"ZCT288","Raskolnikovik","8588","2025-07-11 17:02:41","public"
"ZCT288","Raskolnikovik","8251","2025-07-11 17:16:54","public"
"ZCT288","Raskolnikovik","7838","2025-07-11 21:32:51","public"
"ZCT288","Alain","8004","2025-07-11 21:45:31","public"
"ZCT288","Alain","8432","2025-07-11 22:01:44","public"
"ZCT288","Alain","7994","2025-07-11 22:12:59","public"
"ZCT288","Alain","8724","2025-07-11 22:42:04","public"
"ZCT288","stanceboyCZ","10020","2025-07-11 23:24:46","public"
"ZCT288","Alain","9152","2025-07-12 13:14:40","normal"
"ZCT288","Mortimer McMire","9020","2025-07-12 14:19:45","normal"
"ZCT288","Duplode","6790","2025-07-12 18:04:14","normal"
"ZCT288","Duplode","7587","2025-07-12 18:22:46","public"
"ZCT288","MiDiaN","6716","2025-07-12 19:42:53","normal"
"ZCT288","MiDiaN","6698","2025-07-12 21:51:14","normal"
"ZCT288","Mortimer McMire","7135","2025-07-13 18:06:02","normal"
"ZCT288","Zapper","7917","2025-07-14 13:33:19","normal"
"ZCT288","Spoonboy","7176","2025-07-14 14:43:17","normal"
"ZCT288","Ryoma","7595","2025-07-14 16:19:28","public"
"ZCT288","Zapper","7673","2025-07-14 17:20:37","normal"
"ZCT288","Zapper","7176","2025-07-14 18:17:26","normal"
"ZCT288","Zapper","8192","2025-07-14 18:21:28","normal"
"ZCT288","Alain","7024","2025-07-14 23:03:11","public"
"ZCT288","Alain","6955","2025-07-15 02:03:47","public"
"ZCT288","Spoonboy","7084","2025-07-15 17:09:55","normal"
"ZCT288","stanceboyCZ","9230","2025-07-15 23:24:11","public"
"ZCT288","Alain","6937","2025-07-16 15:08:21","public"
"ZCT288","Alain","6928","2025-07-16 17:37:39","public"
"ZCT288","Alain","8318","2025-07-16 19:46:01","normal"
"ZCT288","Alain","10389","2025-07-16 20:00:10","normal"
"ZCT288","Overdrijf","7296","2025-07-18 18:25:06","normal"
"ZCT288","Cas","8257","2025-07-19 04:28:38","normal"
"ZCT288","Duplode","7166","2025-07-19 16:05:21","normal"
"ZCT288","stanceboyCZ","15517","2025-07-20 11:50:19","public"
"ZCT288","Victor Narl","7867","2025-07-20 21:37:32","normal"
"ZCT288","Victor Narl","8424","2025-07-21 12:28:49","public"
"ZCT288","Victor Narl","7982","2025-07-21 15:27:12","public"
"ZCT288","stanceboyCZ","8630","2025-07-21 17:32:57","public"
"ZCT288","Mortimer McMire","9206","2025-07-23 13:22:01","public"
"ZCT288","Mortimer McMire","7130","2025-07-23 15:22:30","normal"
"ZCT288","stanceboyCZ","9154","2025-07-23 17:12:22","public"
"ZCT288","stanceboyCZ","10080","2025-07-23 17:16:32","public"
"ZCT288","stanceboyCZ","9202","2025-07-23 17:44:06","public"
"ZCT288","Mortimer McMire","7089","2025-07-23 20:17:45","normal"
"ZCT288","stanceboyCZ","9338","2025-07-23 23:23:12","public"
"ZCT288","stanceboyCZ","8870","2025-07-24 00:07:51","public"
"ZCT288","stanceboyCZ","9703","2025-07-24 18:33:16","normal"
"ZCT288","Duplode","6725","2025-07-25 00:34:34","quiet"
"ZCT288","Mortimer McMire","7066","2025-07-25 09:12:07","quiet"
"ZCT288","Mortimer McMire","7056","2025-07-25 09:13:25","quiet"
"ZCT288","Alain","6849","2025-07-25 10:56:14","quiet"
"ZCT288","Alain","6813","2025-07-25 12:46:23","quiet"
"ZCT288","Alain","6799","2025-07-25 12:48:14","quiet"
"ZCT288","Alain","6794","2025-07-25 12:49:47","quiet"
"ZCT288","Alain","6633","2025-07-25 13:15:59","quiet"
"ZCT288","Spoonboy","7020","2025-07-25 14:43:40","quiet"
"ZCT288","KyLiE","8188","2025-07-25 15:36:11","quiet"
"ZCT288","KyLiE","8004","2025-07-25 15:36:42","quiet"
"ZCT288","KyLiE","6836","2025-07-25 15:38:15","quiet"
"ZCT288","Alain","6624","2025-07-25 15:53:35","quiet"
"ZCT288","Alain","6615","2025-07-25 16:06:13","quiet"
"ZCT288","Alain","6587","2025-07-25 16:13:02","quiet"
"ZCT288","Alain","6583","2025-07-25 16:50:12","quiet"
"ZCT288","Frieshansen","7457","2025-07-25 20:58:41","normal"
"ZCT288","Frieshansen","7171","2025-07-25 21:15:46","normal"
"ZCT288","Spoonboy","7796","2025-07-26 00:00:33","normal"
"ZCT288","Spoonboy","7885","2025-07-26 00:07:44","normal"
"ZCT288","Spoonboy","8473","2025-07-26 00:17:33","normal"
"ZCT288","Duplode","6698","2025-07-26 06:32:09","quiet"
"ZCT288","Duplode","6688","2025-07-26 06:39:10","quiet"
"ZCT288","MiDiaN","7196","2025-07-26 08:20:24","normal"
"ZCT288","MiDiaN","6380","2025-07-26 08:21:43","quiet"
"ZCT288","Mortimer McMire","7047","2025-07-26 13:20:04","quiet"
"ZCT288","afullo","8717","2025-07-26 13:47:30","normal"
"ZCT288","Duplode","7372","2025-07-26 13:50:56","normal"
"ZCT288","Frieshansen","8586","2025-07-26 13:51:40","normal"
"ZCT288","HerrNove","8582","2025-07-26 14:00:15","normal"
"ZCT288","Mortimer McMire","7015","2025-07-26 14:08:47","quiet"
"ZCT288","HerrNove","8398","2025-07-26 14:21:00","normal"
"ZCT288","HerrNove","8215","2025-07-26 14:25:53","normal"
"ZCT288","HerrNove","8160","2025-07-26 14:28:07","normal"
"ZCT288","Mortimer McMire","7010","2025-07-26 15:04:24","quiet"
"ZCT288","Mortimer McMire","8620","2025-07-26 15:20:56","normal"
"ZCT288","dstien","8022","2025-07-26 15:26:51","normal"
"ZCT288","Duplode","6385","2025-07-26 16:01:30","quiet"
"ZCT288","Duplode","6403","2025-07-26 17:16:20","quiet"
"ZCT288","Duplode","6380","2025-07-26 17:29:21","quiet"
"ZCT288","Duplode","6376","2025-07-26 17:33:40","quiet"
"ZCT288","Duplode","7843","2025-07-26 18:12:02","public"
"ZCT288","Duplode","7700","2025-07-26 18:29:40","public"
"ZCT288","Duplode","8167","2025-07-26 19:05:55","normal"
"ZCT288","Duplode","7646","2025-07-26 19:22:59","normal"
"ZCT288","Argammon","6325","2025-07-26 20:58:56","quiet"
"ZCT288","Victor Narl","7810","2025-07-26 22:26:15","public"
"ZCT288","Victor Narl","6969","2025-07-26 22:36:16","public"
"ZCT288","Mark Nailwood","7254","2025-07-26 23:10:09","normal"
"ZCT288","Duplode","7080","2025-07-26 23:33:27","normal"
"ZCT288","Mark Nailwood","7167","2025-07-26 23:33:39","normal"
"ZCT288","Mark Nailwood","7158","2025-07-26 23:44:50","normal"
"ZCT288","Spoonboy","7944","2025-07-26 23:50:31","public"
"ZCT288","Duplode","7018","2025-07-26 23:52:45","normal"
"ZCT288","Victor Narl","6960","2025-07-26 23:55:38","quiet"
"ZCT288","Spoonboy","7006","2025-07-26 23:56:25","quiet"
"ZCT288","Victor Narl","6955","2025-07-26 23:58:35","quiet"
